rank,name,admin1,cc,lat,lon,ub_360_10km,ub_all_10km,n_hex,max_hex_360,newest_hex_date,in_catalog,catalog_city_id,catalog_km,cluster_rank,is_anchor
1,Lingolsheim,Grand Est,FR,48.55752,7.68253,3550600,3556218,67,234472,2026-09-03,no,,,1,yes
2,Strasbourg,Grand Est,FR,48.58392,7.74553,3364687,3371195,63,234472,2026-09-20,no,,,1,no
3,Illkirch-Graffenstaden,Grand Est,FR,48.52894,7.71523,3238862,3244585,63,234472,2026-09-03,no,,,1,no
4,Schiltigheim,Grand Est,FR,48.60749,7.74931,3068620,3074661,64,234472,2026-09-20,no,,,1,no
5,Bischheim,Grand Est,FR,48.61612,7.75343,2905897,2912011,65,234472,2026-09-20,no,,,1,no
6,Kehl,Baden-Wurttemberg,DE,48.57297,7.81523,2591269,2597566,58,234472,2026-09-20,no,,,1,no
7,Lyon 04,Rhône-Alpes,FR,45.77507,4.82712,1043839,1419857,64,81219,2026-09-22,no,,,2,yes
8,Caluire-et-Cuire,Rhône-Alpes,FR,45.79462,4.8464,1029021,1406886,65,81219,2026-09-22,no,,,2,no
9,Lyon 05,Rhône-Alpes,FR,45.76106,4.82677,1026304,1392760,63,81219,2026-09-22,no,,,2,no
10,Lyon 03,Rhône-Alpes,FR,45.76124,4.85184,1025830,1395156,63,81219,2026-09-22,no,,,2,no
11,Lyon 06,Rhône-Alpes,FR,45.76788,4.85064,1012375,1388144,63,81219,2026-09-22,no,,,2,no
12,Lyon 02,Rhône-Alpes,FR,45.75423,4.83089,1009855,1379088,65,81219,2026-09-22,no,,,2,no
13,Lyon 01,Rhône-Alpes,FR,45.76758,4.8345,1008212,1383408,64,81219,2026-09-22,no,,,2,no
14,Bordeaux,New Aquitaine,FR,44.84124,-0.58046,1003173,1207281,65,41300,2026-09-11,no,,,3,yes
15,Lyon 09,Rhône-Alpes,FR,45.77255,4.80326,987317,1346521,64,81219,2026-09-22,no,,,2,no
16,Lyon,Rhône-Alpes,FR,45.74906,4.84789,973009,1339810,62,81219,2026-09-22,no,,,2,no
17,Villeurbanne,Rhône-Alpes,FR,45.76601,4.8795,969335,1356669,65,81219,2026-09-22,no,,,2,no
18,Lyon 07,Rhône-Alpes,FR,45.74525,4.84197,967222,1306679,62,81219,2026-09-22,no,,,2,no
19,Le Bouscat,New Aquitaine,FR,44.86488,-0.59864,960461,1142069,61,41300,2026-09-11,no,,,3,no
20,Tassin-la-Demi-Lune,Rhône-Alpes,FR,45.75499,4.78812,923288,1227931,64,81219,2026-09-22,no,,,2,no
21,Mérignac,New Aquitaine,FR,44.84247,-0.64512,909238,1111391,64,41300,2026-09-11,no,,,3,no
22,Lyon 08,Rhône-Alpes,FR,45.73626,4.86866,904572,1235953,63,81219,2026-09-22,no,,,2,no
23,Sainte-Foy-lès-Lyon,Rhône-Alpes,FR,45.73375,4.80259,901097,1169681,67,81219,2026-09-22,no,,,2,no
24,Écully,Rhône-Alpes,FR,45.77437,4.77758,887883,1201004,62,81219,2026-09-22,no,,,2,no
25,Lille,Hauts-de-France,FR,50.63391,3.05512,878972,3822198,68,37781,2026-07-16,no,,,4,yes
26,Loos,Hauts-de-France,FR,50.60982,3.01874,877261,3521513,71,37781,2026-07-16,no,,,4,no
27,Talence,New Aquitaine,FR,44.80849,-0.58915,876626,1060191,63,41300,2026-09-11,no,,,3,no
28,Haubourdin,Hauts-de-France,FR,50.60826,2.99143,874750,3453403,71,37781,2026-07-16,no,,,4,no
29,La Madeleine,Hauts-de-France,FR,50.64603,3.07585,873857,4085223,68,37781,2026-09-22,no,,,4,no
30,Marcq-en-Barœul,Hauts-de-France,FR,50.66667,3.08333,863025,4502077,71,37781,2026-09-22,no,,,4,no
31,Bron,Rhône-Alpes,FR,45.73865,4.91303,860900,1177755,64,81219,2026-09-22,no,,,2,no
32,Lambersart,Hauts-de-France,FR,50.65,3.03333,847882,3887483,69,37781,2026-07-16,no,,,4,no
33,Lomme,Hauts-de-France,FR,50.64358,2.98715,835089,3774332,69,37781,2026-07-16,no,,,4,no
34,Cenon,New Aquitaine,FR,44.85614,-0.53355,826569,994805,62,41300,2026-09-11,no,,,3,no
35,Oullins,Rhône-Alpes,FR,45.71404,4.80755,823798,1078849,65,81219,2026-09-22,no,,,2,no
36,Pessac,New Aquitaine,FR,44.80565,-0.6324,816319,1019447,64,41300,2026-09-11,no,,,3,no
37,Floirac,New Aquitaine,FR,44.83061,-0.52675,811013,989211,61,41300,2026-09-11,no,,,3,no
38,Mons-en-Barœul,Hauts-de-France,FR,50.63333,3.11667,806945,3815758,70,37781,2026-09-22,no,,,4,no
39,Vaulx-en-Velin,Rhône-Alpes,FR,45.78693,4.9251,803051,1172706,64,81219,2026-09-17,no,,,2,no
40,Rillieux-la-Pape,Rhône-Alpes,FR,45.81667,4.9,793320,1155527,66,81219,2026-09-11,no,,,2,no
41,Bègles,New Aquitaine,FR,44.80759,-0.55144,792447,967147,62,41300,2026-09-11,no,,,3,no
42,Laval,Pays de la Loire,FR,48.07247,-0.77019,774861,783679,53,90362,2025-08-19,no,,,5,yes
43,Eysines,New Aquitaine,FR,44.88442,-0.65141,770881,896090,62,41300,2026-09-11,no,,,3,no
44,Saint-Fons,Rhône-Alpes,FR,45.70875,4.85325,762096,1029486,63,81219,2026-09-22,no,,,2,no
45,Lormont,New Aquitaine,FR,44.8765,-0.51919,757987,897631,61,41300,2026-09-11,no,,,3,no
46,Wasquehal,Hauts-de-France,FR,50.67043,3.13382,746625,4097737,70,37781,2026-09-22,no,,,4,no
47,Ronchin,Hauts-de-France,FR,50.59883,3.09056,738495,3098676,65,37781,2026-07-16,no,,,4,no
48,Faches-Thumesnil,Hauts-de-France,FR,50.58333,3.06667,718858,2941841,64,37781,2026-07-16,no,,,4,no
49,Blanquefort,New Aquitaine,FR,44.91065,-0.63758,703096,767914,58,41300,2026-08-24,no,,,3,no
50,Croix,Hauts-de-France,FR,50.67846,3.1493,658607,3754538,69,37781,2026-09-22,no,,,4,no
51,Saint-Genis-Laval,Rhône-Alpes,FR,45.69542,4.79316,640032,847867,66,81219,2026-09-22,no,,,2,no
52,Vénissieux,Rhône-Alpes,FR,45.69706,4.88593,632925,854642,65,81219,2026-09-22,no,,,2,no
53,Décines-Charpieu,Rhône-Alpes,FR,45.76873,4.95883,616052,931467,65,81219,2026-09-11,no,,,2,no
54,Villenave-d'Ornon,New Aquitaine,FR,44.77935,-0.56707,614368,789452,61,41300,2026-09-11,no,,,3,no
55,Saint-Nazaire,Pays de la Loire,FR,47.27506,-2.2179,577763,621227,45,73814,2026-07-22,no,,,6,yes
56,Des Moines,Iowa,US,41.60054,-93.60911,565529,567828,52,65835,2026-04-20,yes,des-moines--iowa--united-states,2.0,7,yes
57,Villeneuve-d'Ascq,Hauts-de-France,FR,50.61669,3.16664,562804,2714761,66,37781,2026-09-22,no,,,4,no
58,Gradignan,New Aquitaine,FR,44.77362,-0.61395,562596,739006,62,41300,2026-09-11,no,,,3,no
59,Hem,Hauts-de-France,FR,50.65256,3.18681,553270,3021184,65,37781,2026-09-22,no,,,4,no
60,Roubaix,Hauts-de-France,FR,50.69421,3.17456,533963,3117809,67,37781,2026-09-22,no,,,4,no
61,Caen,Normandy,FR,49.18585,-0.35912,501593,973040,67,56808,2026-07-30,no,,,8,yes
62,Hérouville-Saint-Clair,Normandy,FR,49.21088,-0.30653,483852,869013,65,56808,2026-07-24,no,,,8,no
63,Ankeny,Iowa,US,41.72971,-93.60577,471783,474972,57,22015,2026-04-26,yes,des-moines--iowa--united-states,16.0,7,no
64,Gentilly,Île-de-France,FR,48.81294,2.3417,464925,1354688,72,35180,2026-09-29,yes,paris--ile-de-france--france,4.5,9,yes
65,Paris 13 Gobelins,Île-de-France,FR,48.8322,2.3561,460419,1324432,74,35180,2026-09-29,yes,paris--ile-de-france--france,2.4,9,no
66,Croulebarbe,Île-de-France,FR,48.81003,2.35403,454334,1318601,69,35180,2026-09-12,yes,paris--ile-de-france--france,4.9,9,no
67,Paris 13e Arrondissement,Île-de-France,FR,48.8262,2.35986,452576,1305396,68,35180,2026-09-29,yes,paris--ile-de-france--france,3.1,9,no
68,Maison Blanche,Île-de-France,FR,48.82586,2.3508,452533,1307651,69,35180,2026-09-29,yes,paris--ile-de-france--france,3.1,9,no
69,Tourcoing,Hauts-de-France,FR,50.72391,3.16117,451939,2834333,69,35121,2026-09-22,no,,,4,no
70,Picpus,Île-de-France,FR,48.84258,2.40014,451903,1311572,68,35180,2026-09-29,yes,paris--ile-de-france--france,4.0,9,no
71,Ivry-sur-Seine,Île-de-France,FR,48.81568,2.38487,450094,1309782,68,35180,2026-09-29,yes,paris--ile-de-france--france,5.0,9,no
72,Le Kremlin-Bicêtre,Île-de-France,FR,48.81471,2.36073,447862,1301646,66,35180,2026-09-29,yes,paris--ile-de-france--france,4.4,9,no
73,Gare,Île-de-France,FR,48.83337,2.37513,447451,1305205,68,35180,2026-09-29,yes,paris--ile-de-france--france,3.0,9,no
74,Arcueil,Île-de-France,FR,48.79993,2.33256,445871,1254624,68,35180,2026-08-15,yes,paris--ile-de-france--france,6.1,9,no
75,Charenton-le-Pont,Île-de-France,FR,48.82209,2.41217,445598,1294165,67,35180,2026-09-29,yes,paris--ile-de-france--france,5.8,9,no
76,Saint-Médard-en-Jalles,New Aquitaine,FR,44.8955,-0.71779,444197,481278,49,29410,2025-10-07,no,,,3,no
77,Paris 14 Observatoire,Île-de-France,FR,48.8331,2.3264,443948,1292301,71,35180,2026-09-29,yes,paris--ile-de-france--france,2.8,9,no
78,Villejuif,Île-de-France,FR,48.7939,2.35992,443520,1276409,71,35180,2026-09-22,yes,paris--ile-de-france--france,6.7,9,no
79,Cachan,Île-de-France,FR,48.79632,2.33661,442659,1255931,70,35180,2026-08-15,yes,paris--ile-de-france--france,6.4,9,no
80,Bel-Air,Île-de-France,FR,48.84169,2.40489,441875,1245197,67,35180,2026-09-29,yes,paris--ile-de-france--france,4.3,9,no
81,Saint-Priest,Rhône-Alpes,FR,45.69651,4.94385,441007,601800,65,43050,2026-09-16,no,,,2,no
82,Paris 12 Reuilly,Île-de-France,FR,48.8412,2.3876,440240,1284637,66,35180,2026-09-29,yes,paris--ile-de-france--france,3.2,9,no
83,Saint-Mandé,Île-de-France,FR,48.83864,2.41579,439926,1269509,70,35180,2026-09-29,yes,paris--ile-de-france--france,5.2,9,no
84,Montrouge,Île-de-France,FR,48.8162,2.31393,438682,1299042,70,35180,2026-09-12,yes,paris--ile-de-france--france,4.9,9,no
85,Herblay-sur-Seine,Île-de-France,FR,48.98994,2.1699,438620,558053,66,29209,2026-08-22,yes,paris--ile-de-france--france,20.0,10,yes
86,Salpêtrière,Île-de-France,FR,48.83732,2.35823,437866,1278638,67,35180,2026-09-29,yes,paris--ile-de-france--france,1.9,9,no
87,Urbandale,Iowa,US,41.62666,-93.71217,434981,439466,54,65835,2026-04-20,yes,des-moines--iowa--united-states,8.5,7,no
88,Alfortville,Île-de-France,FR,48.80575,2.4204,433888,1197332,69,35180,2026-09-22,yes,paris--ile-de-france--france,7.5,9,no
89,Montpellier,Occitanie,FR,43.61093,3.87635,432045,470500,59,64259,2026-09-23,no,,,11,yes
90,Malakoff,Île-de-France,FR,48.81999,2.29998,431538,1271521,69,35180,2026-09-12,yes,paris--ile-de-france--france,5.1,9,no
91,Quinze-Vingts,Île-de-France,FR,48.84656,2.37439,429032,1260509,69,35180,2026-09-29,yes,paris--ile-de-france--france,2.1,9,no
92,Montivilliers,Normandy,FR,49.54518,0.18769,426172,430342,59,46129,2025-10-07,no,,,12,yes
93,Sainte-Marguerite,Île-de-France,FR,48.85232,2.38932,424572,1251823,68,35180,2026-09-29,yes,paris--ile-de-france--france,3.0,9,no
94,Cormeilles-en-Parisis,Île-de-France,FR,48.97111,2.20491,423905,488873,68,29209,2026-08-22,yes,paris--ile-de-france--france,16.8,10,no
95,Paris 06 Luxembourg,Île-de-France,FR,48.8493,2.33,418130,1231245,68,35180,2026-09-29,yes,paris--ile-de-france--france,1.4,9,no
96,Paris 05 Panthéon,Île-de-France,FR,48.8448,2.3471,417608,1227374,68,35180,2026-09-29,yes,paris--ile-de-france--france,1.0,9,no
97,Montigny-lès-Cormeilles,Île-de-France,FR,48.98201,2.20035,417277,490135,67,29209,2026-08-22,yes,paris--ile-de-france--france,17.9,10,no
98,Vitry-sur-Seine,Île-de-France,FR,48.78716,2.40332,416144,1015427,65,35180,2026-09-22,yes,paris--ile-de-france--france,8.4,9,no
99,Maisons-Alfort,Île-de-France,FR,48.81171,2.43945,415625,1098608,70,35180,2026-09-22,yes,paris--ile-de-france--france,8.1,9,no
100,Paris,Île-de-France,FR,48.85341,2.3488,415161,1229118,68,35180,2026-09-29,yes,paris--ile-de-france--france,0.0,9,no
101,Paris 20 Ménilmontant,Île-de-France,FR,48.8646,2.3984,415084,1241691,68,35180,2026-09-29,yes,paris--ile-de-france--france,3.9,9,no
102,Paris 11 Popincourt,Île-de-France,FR,48.8574,2.3795,411101,1234531,69,35180,2026-09-29,yes,paris--ile-de-france--france,2.3,9,no
103,Vincennes,Île-de-France,FR,48.8486,2.43769,411040,1224084,69,35180,2026-09-29,yes,paris--ile-de-france--france,6.6,9,no
104,Clive,Iowa,US,41.60304,-93.72411,409890,414517,53,65835,2026-04-20,yes,des-moines--iowa--united-states,8.4,7,no
105,Paris 12e Arrondissement,Île-de-France,FR,48.83523,2.43505,409725,1186815,68,35180,2026-09-29,yes,paris--ile-de-france--france,6.7,9,no
106,Nantes,Pays de la Loire,FR,47.21725,-1.55336,409664,968092,61,49255,2026-09-09,no,,,13,yes
107,Saint-Sébastien-sur-Loire,Pays de la Loire,FR,47.20768,-1.50332,409576,927392,65,49255,2026-09-03,no,,,13,no
108,Paris 11e Arrondissement,Île-de-France,FR,48.85834,2.37952,408311,1228619,68,35180,2026-09-29,yes,paris--ile-de-france--france,2.3,9,no
109,Roquette,Île-de-France,FR,48.858,2.38147,408311,1228619,68,35180,2026-09-29,yes,paris--ile-de-france--france,2.5,9,no
110,Vanves,Île-de-France,FR,48.82345,2.29025,406130,1218272,69,35180,2026-09-08,yes,paris--ile-de-france--france,5.4,9,no
111,Bagneux,Île-de-France,FR,48.79565,2.30796,405635,1171797,69,35180,2026-08-13,yes,paris--ile-de-france--france,7.1,9,no
112,Franconville,Île-de-France,FR,48.98333,2.23333,404423,440825,67,29209,2026-08-22,yes,paris--ile-de-france--france,16.7,10,no
113,Sannois,Île-de-France,FR,48.96667,2.25,403427,455672,65,29209,2026-08-22,yes,paris--ile-de-france--france,14.5,9,no
114,Paris 02 Bourse,Île-de-France,FR,48.8655,2.3426,402206,1207071,69,35180,2026-09-29,yes,paris--ile-de-france--france,1.4,9,no
115,Taverny,Île-de-France,FR,49.02542,2.21691,401954,477887,63,29209,2026-08-22,yes,paris--ile-de-france--france,21.4,10,no
116,Brest,Brittany,FR,48.39029,-4.48628,401877,465502,55,45546,2026-09-19,no,,,14,yes
117,Paris 01 Louvre,Île-de-France,FR,48.8592,2.3417,401200,1205382,67,35180,2026-09-29,yes,paris--ile-de-france--france,0.8,9,no
118,Paris 04 Hôtel-de-Ville,Île-de-France,FR,48.8601,2.3507,400972,1205739,66,35180,2026-09-29,yes,paris--ile-de-france--france,0.8,9,no
119,Montreuil,Île-de-France,FR,48.86415,2.44322,400364,1189073,69,35180,2026-09-29,yes,paris--ile-de-france--france,7.0,9,no
120,Saint-Ambroise,Île-de-France,FR,48.86174,2.37538,399142,1212203,67,35180,2026-09-29,yes,paris--ile-de-france--france,2.2,9,no
121,Paris 15 Vaugirard,Île-de-France,FR,48.8412,2.3003,397814,1226538,67,35180,2026-09-29,yes,paris--ile-de-france--france,3.8,9,no
122,Paris 07 Palais-Bourbon,Île-de-France,FR,48.8565,2.321,395950,1204886,68,35180,2026-09-29,yes,paris--ile-de-france--france,2.0,9,no
123,Folie Méricourt,Île-de-France,FR,48.86625,2.37142,395828,1210754,69,35180,2026-09-29,yes,paris--ile-de-france--france,2.2,9,no
124,Sartrouville,Île-de-France,FR,48.9482,2.19169,395436,468623,66,29209,2026-09-08,yes,paris--ile-de-france--france,15.6,9,no
125,Porte Saint-Denis,Île-de-France,FR,48.87363,2.35197,395174,1194893,69,35180,2026-09-29,yes,paris--ile-de-france--france,2.3,9,no
126,West Des Moines,Iowa,US,41.57721,-93.71133,393712,397578,45,65835,2026-04-20,yes,des-moines--iowa--united-states,7.3,7,no
127,Paris 10 Entrepôt,Île-de-France,FR,48.8709,2.3561,393112,1195618,69,35180,2026-09-29,yes,paris--ile-de-france--france,2.0,9,no
128,Porte Saint-Martin,Île-de-France,FR,48.87153,2.36015,393112,1195618,69,35180,2026-09-29,yes,paris--ile-de-france--france,2.2,9,no
129,Bagnolet,Île-de-France,FR,48.86667,2.41667,392888,1150176,67,35180,2026-09-29,yes,paris--ile-de-france--france,5.2,9,no
130,Issy-les-Moulineaux,Île-de-France,FR,48.82104,2.27718,392249,1183799,67,35180,2026-09-08,yes,paris--ile-de-france--france,6.3,9,no
131,Paris 09 Opéra,Île-de-France,FR,48.8718,2.3399,392188,1190558,69,35180,2026-09-29,yes,paris--ile-de-france--france,2.1,9,no
132,Paris 03 Temple,Île-de-France,FR,48.8637,2.3615,392170,1188887,67,35180,2026-09-29,yes,paris--ile-de-france--france,1.5,9,no
133,Ermont,Île-de-France,FR,48.99004,2.25804,391514,414808,63,29209,2026-08-22,yes,paris--ile-de-france--france,16.6,10,no
134,Saint-Leu-la-Forêt,Île-de-France,FR,49.01667,2.25,390406,426508,65,29209,2026-08-22,yes,paris--ile-de-france--france,19.5,10,no
135,Châtillon,Île-de-France,FR,48.8024,2.29346,390134,1141155,66,35180,2026-08-09,yes,paris--ile-de-france--france,7.0,9,no
136,Paris 10e Arrondissement,Île-de-France,FR,48.87668,2.35904,389099,1186631,68,35180,2026-09-29,yes,paris--ile-de-france--france,2.7,9,no
137,Montauban,Occitanie,FR,44.01759,1.3542,387415,398179,65,56992,2026-08-12,no,,,15,yes
138,Rezé,Pays de la Loire,FR,47.19058,-1.56885,386398,985537,63,49255,2026-09-09,no,,,13,no
139,Bourg-la-Reine,Île-de-France,FR,48.77888,2.31781,384980,988321,70,35180,2026-08-23,yes,paris--ile-de-france--france,8.6,9,no
140,Castelnau-le-Lez,Occitanie,FR,43.63605,3.90137,384865,420529,56,64259,2026-09-23,no,,,11,no
141,L'Haÿ-les-Roses,Île-de-France,FR,48.77935,2.33729,384582,1026866,67,35180,2026-08-23,yes,paris--ile-de-france--france,8.3,9,no
142,Saint-Vincent de Paul,Île-de-France,FR,48.88075,2.35513,383838,1177392,68,35180,2026-09-29,yes,paris--ile-de-france--france,3.1,9,no
143,Johnston,Iowa,US,41.67304,-93.69772,382115,386433,53,21620,2026-04-20,yes,des-moines--iowa--united-states,11.3,7,no
144,Argenteuil,Île-de-France,FR,48.94788,2.24744,379903,523432,66,29209,2026-09-09,yes,paris--ile-de-france--france,12.8,9,no
145,Eaubonne,Île-de-France,FR,48.99712,2.28249,379613,402535,65,29209,2026-08-22,yes,paris--ile-de-france--france,16.7,10,no
146,Clamart,Île-de-France,FR,48.80299,2.26692,379285,1066716,67,35180,2026-09-08,yes,paris--ile-de-france--france,8.2,9,no
147,Fontenay-aux-Roses,Île-de-France,FR,48.79325,2.29275,376739,974180,68,35180,2026-08-23,yes,paris--ile-de-france--france,7.8,9,no
148,Hôpital Saint-Louis,Île-de-France,FR,48.8772,2.36689,373649,1161427,66,35180,2026-09-29,yes,paris--ile-de-france--france,3.0,9,no
149,Paris 19 Buttes-Chaumont,Île-de-France,FR,48.8817,2.3822,368268,1160164,68,35180,2026-09-29,yes,paris--ile-de-france--france,4.0,9,no
150,Les Lilas,Île-de-France,FR,48.87992,2.42057,366522,1104313,68,35180,2026-09-29,yes,paris--ile-de-france--france,6.0,9,no
151,Paris 18 Buttes-Montmartre,Île-de-France,FR,48.8925,2.3444,365665,1153956,67,35180,2026-09-29,yes,paris--ile-de-france--france,4.3,9,no
152,Maisons-Laffitte,Île-de-France,FR,48.95264,2.14521,365630,466168,67,29209,2026-09-08,yes,paris--ile-de-france--france,18.5,10,no
153,Paris 08 Élysée,Île-de-France,FR,48.8763,2.3183,365056,1165474,66,35180,2026-09-29,yes,paris--ile-de-france--france,3.4,9,no
154,Saint-Gratien,Île-de-France,FR,48.9735,2.28729,361243,433899,64,29209,2026-09-09,yes,paris--ile-de-france--france,14.1,9,no
155,Amsterdam,North Holland,NL,52.37403,4.88969,359501,398589,67,70969,2026-03-27,yes,amsterdam--north-holland--netherlands,2.4,16,yes
156,Colombes,Île-de-France,FR,48.91882,2.25404,358865,838518,68,32393,2026-09-29,yes,paris--ile-de-france--france,10.0,9,no
157,Asnières-sur-Seine,Île-de-France,FR,48.91667,2.28333,355874,996129,69,35180,2026-09-29,yes,paris--ile-de-france--france,8.5,9,no
158,Paris 17 Batignolles-Monceau,Île-de-France,FR,48.8835,2.3219,355125,1151282,68,35180,2026-09-29,yes,paris--ile-de-france--france,3.9,9,no
159,Saint-Ouen,Île-de-France,FR,48.90654,2.33339,350448,1113465,67,35180,2026-09-29,yes,paris--ile-de-france--france,6.0,9,no
160,Le Plessis-Robinson,Île-de-France,FR,48.78889,2.27078,349809,880324,71,35180,2026-08-23,yes,paris--ile-de-france--france,9.2,9,no
161,Wattrelos,Hauts-de-France,FR,50.70118,3.21812,349307,2307083,65,35121,2026-09-22,no,,,4,no
162,Clichy,Île-de-France,FR,48.90018,2.30952,347658,1120789,68,35180,2026-09-29,yes,paris--ile-de-france--france,5.9,9,no
163,Nogent-sur-Marne,Île-de-France,FR,48.83669,2.48255,347508,1040923,70,35180,2026-09-22,yes,paris--ile-de-france--france,10.0,9,no
164,Boulogne-Billancourt,Île-de-France,FR,48.83545,2.24128,347393,1000273,68,35180,2026-09-08,yes,paris--ile-de-france--france,8.1,9,no
165,Conflans-Sainte-Honorine,Île-de-France,FR,49.00158,2.09694,346348,529153,67,28746,2026-09-08,yes,paris--ile-de-france--france,24.7,10,no
166,Lattes,Occitanie,FR,43.56775,3.90279,346320,373318,51,64259,2026-06-11,no,,,11,no
167,Sceaux,Île-de-France,FR,48.77644,2.29026,344552,858229,70,35180,2026-08-23,yes,paris--ile-de-france--france,9.6,9,no
168,Saint-Ouen-l'Aumône,Île-de-France,FR,49.04353,2.12134,344515,520461,59,28746,2026-08-22,no,,,10,no
169,Romainville,Île-de-France,FR,48.8854,2.43482,343401,975435,66,35180,2026-09-29,yes,paris--ile-de-france--france,7.2,9,no
170,Le Pré-Saint-Gervais,Île-de-France,FR,48.88549,2.40422,341984,1063521,65,35180,2026-09-29,yes,paris--ile-de-france--france,5.4,9,no
171,Soisy-sous-Montmorency,Île-de-France,FR,48.98813,2.30156,339022,363835,59,29209,2026-09-09,yes,paris--ile-de-france--france,15.4,9,no
172,Bois-Colombes,Île-de-France,FR,48.91936,2.27485,338817,850311,68,32393,2026-09-29,yes,paris--ile-de-france--france,9.1,9,no
173,Orvault,Pays de la Loire,FR,47.27117,-1.62361,337929,744665,60,49255,2026-09-09,no,,,13,no
174,Éragny,Île-de-France,FR,49.01667,2.1,336426,517188,61,28746,2026-09-08,no,,,10,no
175,Saint-Herblain,Pays de la Loire,FR,47.21154,-1.651,335291,825760,64,49255,2026-09-16,no,,,13,no
176,Paris 16 Passy,Île-de-France,FR,48.8637,2.2769,334778,1148953,68,35180,2026-09-29,yes,paris--ile-de-france--france,5.4,9,no
177,Neuilly-sur-Seine,Île-de-France,FR,48.8846,2.26965,332504,1086527,74,35180,2026-09-29,yes,paris--ile-de-france--france,6.7,9,no
178,Joinville-le-Pont,Île-de-France,FR,48.82538,2.47458,331610,938077,67,35180,2026-09-22,yes,paris--ile-de-france--france,9.7,9,no
179,Bezons,Île-de-France,FR,48.92426,2.2128,328432,565714,68,29209,2026-09-08,yes,paris--ile-de-france--france,12.7,9,no
180,Badhoevedorp,North Holland,NL,52.33723,4.78523,327730,382317,65,70969,2026-03-29,yes,amsterdam--north-holland--netherlands,8.3,16,no
181,La Chapelle-sur-Erdre,Pays de la Loire,FR,47.29964,-1.55239,326854,623720,60,49255,2026-08-25,no,,,13,no
182,Orléans,Centre-Val de Loire,FR,47.90248,1.90407,326645,350464,65,22674,2026-09-14,no,,,17,yes
183,Meyzieu,Rhône-Alpes,FR,45.76637,5.00277,325039,487529,64,39423,2026-09-12,no,,,2,no
184,Le Havre,Normandy,FR,49.49346,0.10785,324827,328126,31,46129,2025-10-07,no,,,12,no
185,Bouguenais,Pays de la Loire,FR,47.17941,-1.62468,321922,845263,64,49255,2026-09-16,no,,,13,no
186,Thiais,Île-de-France,FR,48.76496,2.3961,321903,770166,68,35180,2026-09-22,yes,paris--ile-de-france--france,10.4,9,no
187,Puteaux,Île-de-France,FR,48.88341,2.23894,320522,959691,74,35180,2026-09-09,yes,paris--ile-de-france--france,8.7,9,no
188,Kaysville,Utah,US,41.03522,-111.93855,320065,320076,34,45774,2025-09-13,yes,ogden--utah--united-states,21.1,18,yes
189,Chevilly-Larue,Île-de-France,FR,48.76476,2.3503,318282,744003,68,35180,2026-09-22,yes,paris--ile-de-france--france,9.9,9,no
190,Meudon,Île-de-France,FR,48.81381,2.235,317839,830721,69,35180,2026-09-08,yes,paris--ile-de-france--france,9.4,9,no
191,La Garenne-Colombes,Île-de-France,FR,48.90472,2.2469,317637,845822,70,32393,2026-09-29,yes,paris--ile-de-france--france,9.4,9,no
192,Pantin,Île-de-France,FR,48.89437,2.40935,316159,1016365,63,35180,2026-09-29,yes,paris--ile-de-france--france,6.4,9,no
193,Layton,Utah,US,41.06022,-111.97105,313949,313958,36,45774,2025-09-13,yes,ogden--utah--united-states,18.1,18,no
194,Gennevilliers,Île-de-France,FR,48.93333,2.3,313151,791776,65,32393,2026-09-29,yes,paris--ile-de-france--france,9.6,9,no
195,Fontenay-sous-Bois,Île-de-France,FR,48.85442,2.48268,309342,943822,69,24799,2026-09-29,yes,paris--ile-de-france--france,9.8,9,no
196,Choisy-le-Roi,Île-de-France,FR,48.76846,2.41874,308940,741485,67,35180,2026-09-22,yes,paris--ile-de-france--france,10.8,9,no
197,Fleury-les-Aubrais,Centre-Val de Loire,FR,47.93328,1.91811,307972,326912,64,22674,2026-09-14,no,,,17,no
198,Villeneuve-la-Garenne,Île-de-France,FR,48.93935,2.31478,307788,782966,64,32393,2026-09-29,yes,paris--ile-de-france--france,9.9,9,no
199,Levallois-Perret,Île-de-France,FR,48.89389,2.28864,306346,1051168,67,35180,2026-09-29,yes,paris--ile-de-france--france,6.3,9,no
200,Amstelveen,North Holland,NL,52.30083,4.86389,304761,343627,56,70969,2026-03-29,yes,amsterdam--north-holland--netherlands,6.6,16,no
201,Armentières,Hauts-de-France,FR,50.68568,2.88214,298794,1546275,66,21199,2026-04-16,no,,,4,no
202,Houilles,Île-de-France,FR,48.92161,2.19263,297765,490254,69,29209,2026-09-08,yes,paris--ile-de-france--france,13.7,9,no
203,Saint-Jean-de-la-Ruelle,Centre-Val de Loire,FR,47.91127,1.86483,297283,322290,63,22674,2026-09-22,no,,,17,no
204,Saint-Jean-de-Braye,Centre-Val de Loire,FR,47.91303,1.97705,296190,313150,66,22674,2026-09-13,no,,,17,no
205,Sèvres,Île-de-France,FR,48.82292,2.21757,291713,763303,67,35180,2026-09-08,yes,paris--ile-de-france--france,10.2,9,no
206,Olivet,Centre-Val de Loire,FR,47.86219,1.8991,290660,315409,60,22674,2026-09-13,no,,,17,no
207,Grenoble,Rhône-Alpes,FR,45.17869,5.71479,288569,459956,65,32419,2026-09-05,no,,,19,yes
208,Fontaine,Rhône-Alpes,FR,45.19275,5.68821,282501,433382,61,32419,2026-09-05,no,,,19,no
209,La Defense,Île-de-France,FR,48.89198,2.23881,282418,874784,67,35180,2026-09-09,yes,paris--ile-de-france--france,9.1,9,no
210,Diemen,North Holland,NL,52.33964,4.96256,282219,312165,58,70969,2026-03-27,yes,amsterdam--north-holland--netherlands,4.3,16,no
211,Courbevoie,Île-de-France,FR,48.89672,2.25666,281817,883861,68,35180,2026-09-29,yes,paris--ile-de-france--france,8.3,9,no
212,Épinay-sur-Seine,Île-de-France,FR,48.9535,2.31514,279727,538875,61,29209,2026-09-29,yes,paris--ile-de-france--france,11.4,9,no
213,Farmington,Utah,US,40.9805,-111.88744,279284,279293,22,45774,2025-09-13,yes,salt-lake-city--utah--united-states,22.8,18,no
214,Fresnes,Île-de-France,FR,48.75568,2.32241,277497,617122,68,35180,2026-08-23,yes,paris--ile-de-france--france,11.0,9,no
215,Le Perreux-sur-Marne,Île-de-France,FR,48.85,2.5,276790,919199,67,24799,2026-09-22,yes,paris--ile-de-france--france,11.1,9,no
216,Pontoise,Île-de-France,FR,49.05,2.1,276518,453227,60,28746,2026-08-22,no,,,10,no
217,Suresnes,Île-de-France,FR,48.87143,2.22929,273969,866542,66,35180,2026-09-08,yes,paris--ile-de-france--france,8.9,9,no
218,Champigny-sur-Marne,Île-de-France,FR,48.81642,2.49366,273669,896495,71,24799,2026-09-22,yes,paris--ile-de-france--france,11.4,9,no
219,Échirolles,Rhône-Alpes,FR,45.14603,5.71441,273452,440876,63,32419,2026-09-05,no,,,19,no
220,Saint-Martin-d'Hères,Rhône-Alpes,FR,45.1787,5.76281,272853,454841,61,32419,2026-09-05,no,,,19,no
221,Meylan,Rhône-Alpes,FR,45.20978,5.77762,271646,462204,64,32419,2026-09-13,no,,,19,no
222,Vertou,Pays de la Loire,FR,47.16878,-1.4729,269661,720472,64,49255,2026-08-11,no,,,13,no
223,Bry-sur-Marne,Île-de-France,FR,48.83811,2.52488,266895,944723,68,24799,2026-09-22,yes,paris--ile-de-france--france,13.0,9,no
224,Neuilly-Plaisance,Île-de-France,FR,48.86342,2.506,265690,888272,67,24799,2026-09-29,yes,paris--ile-de-france--france,11.6,9,no
225,Rosny-sous-Bois,Île-de-France,FR,48.87017,2.4991,264785,919066,69,24799,2026-09-29,yes,paris--ile-de-france--france,11.2,9,no
226,Créteil,Île-de-France,FR,48.79266,2.46569,264422,679761,66,24799,2026-09-22,yes,paris--ile-de-france--france,10.9,9,no
227,La Baule-Escoublac,Pays de la Loire,FR,47.29221,-2.36395,261674,291669,47,44116,2026-08-14,no,,,6,no
228,Carquefou,Pays de la Loire,FR,47.29722,-1.4921,260662,485138,59,35557,2026-08-25,no,,,13,no
229,Mouscron,Wallonia,BE,50.74497,3.20639,259559,2030156,69,30854,2026-09-22,no,,,4,no
230,Aubervilliers,Île-de-France,FR,48.91667,2.38333,259418,883931,62,35180,2026-09-29,yes,paris--ile-de-france--france,7.5,9,no
231,Noisy-le-Sec,Île-de-France,FR,48.89148,2.46451,258392,840055,67,24799,2026-09-29,yes,paris--ile-de-france--france,9.5,9,no
232,Deuil-la-Barre,Île-de-France,FR,48.97674,2.32722,256948,329153,60,29209,2026-09-29,yes,paris--ile-de-france--france,13.8,9,no
233,Saint-Égrève,Rhône-Alpes,FR,45.23313,5.68154,255839,373850,64,32419,2026-09-13,no,,,19,no
234,Domont,Île-de-France,FR,49.02782,2.32638,255348,265186,51,29209,2026-08-22,yes,paris--ile-de-france--france,19.5,10,no
235,Saran,Centre-Val de Loire,FR,47.95013,1.87601,250622,268791,54,22674,2026-09-22,no,,,17,no
236,Altoona,Iowa,US,41.64416,-93.46466,248765,250283,47,20935,2026-03-20,yes,des-moines--iowa--united-states,14.8,7,no
237,Zaandam,North Holland,NL,52.43854,4.82643,248212,283157,49,70969,2026-01-11,yes,amsterdam--north-holland--netherlands,10.7,16,no
238,Orly,Île-de-France,FR,48.74792,2.39253,242546,516899,67,24355,2026-09-22,yes,paris--ile-de-france--france,12.2,9,no
239,Châtenay-Malabry,Île-de-France,FR,48.76507,2.26655,240751,540183,68,24355,2026-09-01,yes,paris--ile-de-france--france,11.5,9,no
240,Besançon,Bourgogne,FR,47.24878,6.01815,239712,642249,66,51402,2026-09-15,no,,,20,yes
241,Saint-Denis,Île-de-France,FR,48.93564,2.35387,236794,699598,61,32393,2026-09-29,yes,paris--ile-de-france--france,9.1,9,no
242,Saint-Maur-des-Fossés,Île-de-France,FR,48.79395,2.49323,236280,681478,66,24799,2026-09-22,yes,paris--ile-de-france--france,12.5,9,no
243,Morlaix,Brittany,FR,48.57784,-3.82792,232262,245902,62,18303,2026-03-26,no,,,21,yes
244,Toulouse,Occitanie,FR,43.60426,1.44367,232123,297520,63,23008,2026-08-05,no,,,22,yes
245,Neuilly-sur-Marne,Île-de-France,FR,48.85373,2.54903,226390,904812,70,24799,2026-09-12,yes,paris--ile-de-france--france,14.7,9,no
246,Amsterdam-Zuidoost,North Holland,NL,52.3075,4.97222,225324,240457,56,70969,2026-03-27,yes,amsterdam--north-holland--netherlands,7.0,16,no
247,Montmorency,Île-de-France,FR,48.98826,2.3434,224286,248567,55,29209,2026-09-09,yes,paris--ile-de-france--france,15.0,9,no
248,Balma,Occitanie,FR,43.61111,1.49944,221959,273169,59,23008,2026-08-05,no,,,22,no
249,Cergy,Île-de-France,FR,49.03645,2.07613,220134,399003,60,24883,2026-08-03,no,,,10,no
250,Blagnac,Occitanie,FR,43.63675,1.38971,219716,304279,59,23008,2026-09-16,no,,,22,no
251,Cergy-Pontoise,Île-de-France,FR,49.03894,2.07805,219664,397176,58,24883,2026-08-03,no,,,10,no
252,Landerneau,Brittany,FR,48.4515,-4.25175,217863,240088,64,11265,2026-07-27,no,,,14,no
253,Saint-Cloud,Île-de-France,FR,48.84598,2.20289,217437,580289,66,32393,2026-09-08,yes,paris--ile-de-france--france,10.7,9,no
254,Villiers-sur-Marne,Île-de-France,FR,48.831,2.54844,212538,895427,67,16000,2026-09-22,yes,paris--ile-de-france--france,14.9,9,no
255,Antony,Île-de-France,FR,48.75329,2.29668,212313,489742,68,24355,2026-08-23,yes,paris--ile-de-france--france,11.8,9,no
256,Bayonne,New Aquitaine,FR,43.49316,-1.473,209662,292230,55,32540,2026-09-23,no,,,23,yes
257,Nanterre,Île-de-France,FR,48.89198,2.20675,209406,627482,67,32393,2026-09-08,yes,paris--ile-de-france--france,11.2,9,no
258,Carvin,Hauts-de-France,FR,50.49235,2.95815,208760,590717,58,24629,2026-06-10,no,,,4,no
259,Bobigny,Île-de-France,FR,48.90982,2.45012,208363,700068,63,24799,2026-09-29,yes,paris--ile-de-france--france,9.7,9,no
260,Mayenne,Pays de la Loire,FR,48.30337,-0.61383,206807,207312,52,51666,2026-07-07,no,,,24,yes
261,Villemomble,Île-de-France,FR,48.88333,2.5,206465,762245,66,24799,2026-09-29,yes,paris--ile-de-france--france,11.6,9,no
262,Lons-le-Saunier,Bourgogne,FR,46.67535,5.55575,205384,227898,61,104213,2026-09-14,no,,,25,yes
263,Cestas,New Aquitaine,FR,44.74471,-0.68194,202160,322466,58,34343,2026-07-16,no,,,3,no
264,Anglet,New Aquitaine,FR,43.48921,-1.51921,200782,272284,45,32540,2026-09-23,no,,,23,no
265,La Courneuve,Île-de-France,FR,48.92805,2.39627,200564,684237,60,32393,2026-09-29,yes,paris--ile-de-france--france,9.0,9,no
266,Achères,Île-de-France,FR,48.96115,2.06882,198649,301088,65,18118,2026-09-08,yes,paris--ile-de-france--france,23.7,10,no
267,Villeneuve-le-Roi,Île-de-France,FR,48.73684,2.40081,197383,421273,67,16414,2026-09-22,yes,paris--ile-de-france--france,13.5,9,no
268,Verrières-le-Buisson,Île-de-France,FR,48.74565,2.26796,197039,436289,68,24355,2026-09-22,yes,paris--ile-de-france--france,13.4,9,no
269,Bonneuil-sur-Marne,Île-de-France,FR,48.7695,2.4793,196064,547266,67,16414,2026-09-22,yes,paris--ile-de-france--france,13.4,9,no
270,Biarritz,New Aquitaine,FR,43.48055,-1.55684,191581,258193,38,32540,2026-09-23,no,,,23,no
271,Garches,Île-de-France,FR,48.84226,2.18232,190413,472936,71,12843,2026-09-08,yes,paris--ile-de-france--france,12.2,9,no
272,Noisy-le-Grand,Île-de-France,FR,48.84979,2.56266,189477,868923,67,16000,2026-09-12,yes,paris--ile-de-france--france,15.7,9,no
273,Ames,Iowa,US,42.03471,-93.61994,185718,193237,47,12762,2026-04-26,yes,ames--iowa--united-states,0.9,26,yes
274,Chennevières-sur-Marne,Île-de-France,FR,48.79702,2.54046,183849,655200,69,12135,2026-09-22,yes,paris--ile-de-france--france,15.4,9,no
275,Bondy,Île-de-France,FR,48.9018,2.48931,181839,685336,66,24799,2026-09-29,yes,paris--ile-de-france--france,11.6,9,no
276,Wervik,Flanders,BE,50.78069,3.03854,180520,1433268,65,13914,2026-08-24,no,,,4,no
277,Jouy-le-Moutier,Île-de-France,FR,49.01068,2.04028,180352,360851,64,18118,2026-09-08,no,,,10,no
278,Gagny,Île-de-France,FR,48.88333,2.53333,179000,623171,66,24799,2026-09-12,yes,paris--ile-de-france--france,13.9,9,no
279,Saint-Pierre-des-Corps,Centre-Val de Loire,FR,47.38623,0.74849,175789,260075,65,23853,2026-09-26,no,,,27,yes
280,Chaville,Île-de-France,FR,48.80565,2.18864,175277,443681,70,12843,2026-09-08,yes,paris--ile-de-france--france,12.8,9,no
281,Zaanstad,North Holland,NL,52.45313,4.81356,175245,198302,45,70969,2025-09-05,yes,amsterdam--north-holland--netherlands,12.6,16,no
282,Halluin,Hauts-de-France,FR,50.78628,3.12611,174845,1654040,69,12162,2026-09-14,no,,,4,no
283,Vélizy-Villacoublay,Île-de-France,FR,48.78198,2.19395,174107,396953,67,12843,2026-09-08,yes,paris--ile-de-france--france,13.8,9,no
284,Tours,Centre-Val de Loire,FR,47.39484,0.70398,173098,261684,65,23853,2026-09-24,no,,,27,no
285,Saint-Avertin,Centre-Val de Loire,FR,47.36357,0.73993,173009,248449,62,23853,2026-09-26,no,,,27,no
286,Saint-Cyr-sur-Loire,Centre-Val de Loire,FR,47.4,0.66667,169259,256964,65,23853,2026-09-08,no,,,27,no
287,Joué-lès-Tours,Centre-Val de Loire,FR,47.34907,0.66513,168955,247970,63,23853,2026-09-08,no,,,27,no
288,Stara Pazova,Vojvodina,RS,44.985,20.16083,166072,291876,49,16200,2026-03-14,yes,stara-pazova-municipality--srem-administrative-district--serbia,2.4,28,yes
289,Pierrefitte-sur-Seine,Île-de-France,FR,48.96691,2.36104,164599,279587,56,29209,2026-09-29,yes,paris--ile-de-france--france,12.6,9,no
290,Angoulême,New Aquitaine,FR,45.64997,0.15345,163124,193876,65,8305,2026-09-23,no,,,29,yes
291,Nova Pazova,Vojvodina,RS,44.94366,20.21931,162368,312082,50,16200,2026-03-14,yes,stara-pazova-municipality--srem-administrative-district--serbia,4.2,28,no
292,Le Plessis-Trévise,Île-de-France,FR,48.81074,2.57363,161874,816281,68,12135,2026-09-22,yes,paris--ile-de-france--france,17.2,9,no
293,Mauguio,Occitanie,FR,43.61692,4.00739,160451,193136,50,31447,2026-06-01,no,,,11,no
294,Mannheim,Baden-Wurttemberg,DE,49.4891,8.46694,160155,207778,64,14513,2026-07-19,no,,,30,yes
295,Colomiers,Occitanie,FR,43.61058,1.33467,159041,344045,59,23008,2026-09-21,no,,,22,no
296,Rueil-Malmaison,Île-de-France,FR,48.8765,2.18967,157201,424271,67,18035,2026-09-08,yes,paris--ile-de-france--france,11.9,9,no
297,Les Pavillons-sous-Bois,Île-de-France,FR,48.90683,2.50648,156540,602086,67,24799,2026-09-29,yes,paris--ile-de-france--france,13.0,9,no
298,Drancy,Île-de-France,FR,48.92578,2.44533,156003,527257,62,24799,2026-09-29,yes,paris--ile-de-france--france,10.7,9,no
299,Ludwigshafen am Rhein,Rheinland-Pfalz,DE,49.48121,8.44641,154268,196466,63,14513,2026-07-19,no,,,30,no
300,Vauréal,Île-de-France,FR,49.03333,2.03333,148742,326257,59,18118,2026-09-08,no,,,10,no
301,Douarnenez,Brittany,FR,48.09542,-4.32904,147386,159154,46,11092,2026-08-22,no,,,31,yes
302,Osny,Île-de-France,FR,49.0701,2.06277,146703,318270,53,18118,2026-08-03,no,,,10,no
303,Villeneuve-Saint-Georges,Île-de-France,FR,48.73219,2.44925,142773,338954,68,9863,2026-09-22,yes,paris--ile-de-france--france,15.4,9,no
304,Champs-sur-Marne,Île-de-France,FR,48.85,2.6,140162,842253,67,16000,2026-09-12,yes,paris--ile-de-france--france,18.4,9,no
305,Limeil-Brévannes,Île-de-France,FR,48.7448,2.48705,138188,376036,69,11012,2026-09-22,yes,paris--ile-de-france--france,15.8,9,no
306,Sucy-en-Brie,Île-de-France,FR,48.76872,2.53474,137628,506611,68,12135,2026-09-22,yes,paris--ile-de-france--france,16.6,9,no
307,Menen,Flanders,BE,50.79722,3.12245,136866,1334339,66,12162,2026-09-14,no,,,4,no
308,Noisiel,Île-de-France,FR,48.84868,2.62435,136032,909637,68,16000,2026-09-12,yes,paris--ile-de-france--france,20.2,32,yes
309,Lognes,Île-de-France,FR,48.83541,2.62998,135811,910291,68,16000,2026-09-12,yes,paris--ile-de-france--france,20.7,32,no
310,Concarneau,Brittany,FR,47.87536,-3.91896,135659,149086,49,12771,2026-08-18,no,,,33,yes
311,Viroflay,Île-de-France,FR,48.80078,2.16181,135166,330357,69,8916,2026-09-08,yes,paris--ile-de-france--france,14.9,9,no
312,Viernheim,Hesse,DE,49.54033,8.5782,134430,263940,63,14381,2026-07-29,no,,,30,no
313,Massy,Île-de-France,FR,48.72692,2.28301,134148,312508,67,7156,2026-09-22,yes,paris--ile-de-france--france,14.9,9,no
314,Marne La Vallée,Île-de-France,FR,48.83584,2.64241,133443,934383,68,16000,2026-09-12,yes,paris--ile-de-france--france,21.6,32,no
315,La Celle-Saint-Cloud,Île-de-France,FR,48.85029,2.14523,132263,307779,67,8916,2026-09-08,yes,paris--ile-de-france--france,14.9,9,no
316,Chelles,Île-de-France,FR,48.88109,2.59295,132250,714302,71,16000,2026-09-12,yes,paris--ile-de-france--france,18.1,9,no
317,Palaiseau,Île-de-France,FR,48.71828,2.2498,125107,307230,68,7156,2026-09-22,yes,paris--ile-de-france--france,16.7,9,no
318,Montfermeil,Île-de-France,FR,48.8982,2.57913,123597,588449,70,16000,2026-09-12,yes,paris--ile-de-france--france,17.6,9,no
319,Montesson,Île-de-France,FR,48.90924,2.13754,123585,204750,66,18035,2026-09-08,yes,paris--ile-de-france--france,16.6,9,no
320,Torcy,Île-de-France,FR,48.85064,2.65078,123435,924349,67,16000,2026-09-12,yes,paris--ile-de-france--france,22.1,32,no
321,Le Chesnay,Île-de-France,FR,48.8222,2.12213,121949,250703,67,8916,2026-09-08,yes,paris--ile-de-france--france,16.9,9,no
322,Chilly-Mazarin,Île-de-France,FR,48.71489,2.31638,121874,291241,71,6688,2026-09-22,yes,paris--ile-de-france--france,15.6,9,no
323,Pontault-Combault,Île-de-France,FR,48.79813,2.60676,121151,695851,68,12135,2026-09-22,yes,paris--ile-de-france--france,19.9,9,no
324,Versailles,Île-de-France,FR,48.80359,2.13424,120960,268924,74,8916,2026-09-08,yes,paris--ile-de-france--france,16.6,9,no
325,Sint-Genesius-Rode,Flanders,BE,50.74645,4.35754,120696,136596,71,9321,2026-09-27,yes,brussels--belgium,10.3,34,yes
326,Waukee,Iowa,US,41.61166,-93.88523,120369,125867,30,13193,2026-04-20,yes,des-moines--iowa--united-states,21.8,35,yes
327,Guérande,Pays de la Loire,FR,47.32829,-2.42934,119945,149409,50,39709,2026-08-14,no,,,6,no
328,Stains,Île-de-France,FR,48.95,2.38333,119936,435683,56,29209,2026-09-29,yes,paris--ile-de-france--france,11.0,9,no
329,Tournefeuille,Occitanie,FR,43.58872,1.31922,119904,338123,62,23008,2026-09-21,no,,,22,no
330,Beersel,Flanders,BE,50.76589,4.3002,119789,138498,72,10541,2026-09-28,yes,brussels--belgium,9.2,34,no
331,Quimper,Brittany,FR,47.99597,-4.09795,118335,132326,60,6452,2026-08-15,no,,,33,no
332,Clichy-sous-Bois,Île-de-France,FR,48.9102,2.55323,117947,481558,70,16000,2026-09-08,yes,paris--ile-de-france--france,16.3,9,no
333,Uccle,Brussels Capital,BE,50.80225,4.33943,117055,134944,70,10541,2026-09-28,yes,brussels--belgium,4.4,34,no
334,Athis-Mons,Île-de-France,FR,48.70522,2.39147,116574,259655,71,6941,2026-09-22,yes,paris--ile-de-france--france,16.8,9,no
335,Boissy-Saint-Léger,Île-de-France,FR,48.75149,2.51163,114621,409835,66,9863,2026-09-22,yes,paris--ile-de-france--france,16.5,9,no
336,Saint-Gilles,Brussels Capital,BE,50.82763,4.34389,113215,131671,73,10541,2026-09-28,yes,brussels--belgium,1.8,34,no
337,La Pomme,Provence-Alpes-Côte d'Azur,FR,43.28987,5.44153,113206,136397,51,16291,2026-04-11,no,,,36,yes
338,Beaune,Bourgogne,FR,47.02413,4.83887,113032,175220,62,6664,2026-09-17,no,,,37,yes
339,Marseille 01,Provence-Alpes-Côte d'Azur,FR,43.29814,5.38407,113022,137389,47,16291,2026-03-12,no,,,36,no
340,Carrières-sous-Poissy,Île-de-France,FR,48.94952,2.04068,112991,181281,68,18118,2026-09-08,yes,paris--ile-de-france--france,24.9,10,no
341,Marseille 04,Provence-Alpes-Côte d'Azur,FR,43.30213,5.40141,112979,137508,47,16291,2026-03-12,no,,,36,no
342,Marseille 05,Provence-Alpes-Côte d'Azur,FR,43.29551,5.40055,112540,136675,47,16291,2026-03-12,no,,,36,no
343,La Blancarde,Provence-Alpes-Côte d'Azur,FR,43.30047,5.40563,112540,136682,48,16291,2026-03-12,no,,,36,no
344,Marseille,Provence-Alpes-Côte d'Azur,FR,43.29695,5.38107,112416,136337,46,16291,2026-03-12,no,,,36,no
345,Le Camas,Provence-Alpes-Côte d'Azur,FR,43.29469,5.39415,112373,136459,47,16291,2026-03-12,no,,,36,no
346,Marseille 12,Provence-Alpes-Côte d'Azur,FR,43.29614,5.43617,112059,135341,53,16291,2026-04-11,no,,,36,no
347,Marseille 11,Provence-Alpes-Côte d'Azur,FR,43.2907,5.4384,112059,135341,53,16291,2026-04-11,no,,,36,no
348,Marseille 14,Provence-Alpes-Côte d'Azur,FR,43.34447,5.38004,111945,140519,48,16291,2026-03-12,no,,,36,no
349,Anderlecht,Brussels Capital,BE,50.83619,4.31454,111552,129270,72,10541,2026-09-28,yes,brussels--belgium,3.4,34,no
350,Chatou,Île-de-France,FR,48.8898,2.15863,111429,264143,66,18035,2026-09-08,yes,paris--ile-de-france--france,14.5,9,no
351,Forest,Brussels Capital,BE,50.81678,4.32775,111240,128822,69,10541,2026-09-28,yes,brussels--belgium,3.5,34,no
352,Marseille 13,Provence-Alpes-Côte d'Azur,FR,43.31856,5.40836,111179,135186,46,16291,2026-03-12,no,,,36,no
353,Watermael-Boitsfort,Brussels Capital,BE,50.80154,4.41436,111086,127764,70,10541,2026-09-28,yes,brussels--belgium,5.5,34,no
354,Marseille 10,Provence-Alpes-Côte d'Azur,FR,43.27889,5.41523,110699,133697,48,16291,2026-03-12,no,,,36,no
355,Saint-Barthélémy,Provence-Alpes-Côte d'Azur,FR,43.33105,5.40241,110218,135703,46,16291,2026-03-12,no,,,36,no
356,Sultanbeyli,Istanbul,TR,40.96072,29.27067,109730,112001,50,12660,2026-09-27,no,,,38,yes
357,Inđija,Vojvodina,RS,45.04816,20.08165,109702,183810,40,16200,2025-11-12,yes,stara-pazova-municipality--srem-administrative-district--serbia,11.7,28,no
358,Wevelgem,Flanders,BE,50.8,3.16667,109576,1087844,62,12162,2026-09-14,no,,,39,yes
359,Marseille 06,Provence-Alpes-Côte d'Azur,FR,43.28764,5.37918,109338,132125,43,16291,2026-03-12,no,,,36,no
360,Ixelles,Brussels Capital,BE,50.83333,4.36667,109298,128197,71,10541,2026-09-28,yes,brussels--belgium,0.7,34,no
361,Saint-Loup,Provence-Alpes-Côte d'Azur,FR,43.27766,5.43133,109287,131853,51,16291,2026-04-11,no,,,36,no
362,Les Olives,Provence-Alpes-Côte d'Azur,FR,43.32393,5.4584,108838,132913,45,16291,2026-04-11,no,,,36,no
363,Etterbeek,Brussels Capital,BE,50.83272,4.38835,108814,127773,71,10541,2026-09-28,yes,brussels--belgium,1.9,34,no
364,Zemun,Central Serbia,RS,44.8458,20.40116,108786,325859,51,11580,2026-03-14,yes,belgrade--city-of-belgrade--serbia,3.8,40,yes
365,Marseille 03,Provence-Alpes-Côte d'Azur,FR,43.30257,5.37583,108681,130263,43,16291,2026-03-12,no,,,36,no
366,Cherbourg,Normandy,FR,49.63984,-1.61636,108463,157169,50,18415,2026-06-24,no,,,41,yes
367,Marseille 02,Provence-Alpes-Côte d'Azur,FR,43.29664,5.37034,108277,129946,42,16291,2026-03-12,no,,,36,no
368,Octeville,Normandy,FR,49.62612,-1.64349,107381,164202,56,18415,2026-06-24,no,,,41,no
369,Marseille 07,Provence-Alpes-Côte d'Azur,FR,43.28289,5.36021,107244,128160,40,16291,2026-03-12,no,,,36,no
370,Équeurdreville-Hainneville,Normandy,FR,49.64868,-1.65306,106810,154431,47,18415,2026-06-24,no,,,41,no
371,Marseille 08,Provence-Alpes-Côte d'Azur,FR,43.27083,5.3821,106704,127801,41,16291,2026-03-12,no,,,36,no
372,Molenbeek-Saint-Jean,Brussels Capital,BE,50.8499,4.31248,105839,123427,70,10541,2026-09-28,yes,brussels--belgium,3.8,34,no
373,Brussels,Brussels Capital,BE,50.85045,4.34878,105015,123360,68,10541,2026-09-28,yes,brussels--belgium,1.6,34,no
374,Saint-Josse-ten-Noode,Brussels Capital,BE,50.8538,4.37282,104064,122837,73,10541,2026-09-28,yes,brussels--belgium,1.8,34,no
375,Tourlaville,Normandy,FR,49.63829,-1.56639,103839,149596,49,18415,2026-06-24,no,,,41,no
376,Montgeron,Île-de-France,FR,48.70543,2.45039,103614,238514,70,9169,2026-09-22,yes,paris--ile-de-france--france,18.1,9,no
377,Sainte-Marguerite,Provence-Alpes-Côte d'Azur,FR,43.26196,5.40125,103322,123424,41,16291,2026-03-12,no,,,36,no
378,Gartenstadt,Rheinland-Pfalz,DE,49.45937,8.40377,103240,124591,55,14513,2026-07-19,no,,,30,no
379,Auderghem,Brussels Capital,BE,50.81667,4.43333,102746,119727,69,10541,2026-09-28,yes,brussels--belgium,5.5,34,no
380,Koekelberg,Brussels Capital,BE,50.86117,4.33136,102654,120431,70,10541,2026-09-28,yes,brussels--belgium,3.3,34,no
381,Sarcelles,Île-de-France,FR,48.99739,2.37821,101962,131599,52,29209,2026-09-09,yes,paris--ile-de-france--france,16.1,10,no
382,Ulm,Baden-Wurttemberg,DE,48.39841,9.99155,101255,104357,57,12333,2026-09-27,no,,,42,yes
383,Neu-Ulm,Bavaria,DE,48.39279,10.01112,101229,104433,59,12333,2026-09-27,no,,,42,no
384,Ganshoren,Brussels Capital,BE,50.87065,4.31531,100558,118019,70,10541,2026-09-28,yes,brussels--belgium,4.9,34,no
385,Eselsberg,Baden-Wurttemberg,DE,48.40978,9.95138,100501,102772,55,12333,2026-09-27,no,,,42,no
386,Givors,Rhône-Alpes,FR,45.59063,4.76878,100404,130379,63,10135,2026-09-17,no,,,43,yes
387,Dilbeek,Flanders,BE,50.84799,4.25972,99937,113159,73,10541,2026-09-28,yes,brussels--belgium,7.3,34,no
388,Berchem-Sainte-Agathe,Brussels Capital,BE,50.86567,4.29557,99068,116111,68,10541,2026-09-28,yes,brussels--belgium,5.6,34,no
389,Clearfield,Utah,US,41.11078,-112.02605,98937,98940,32,25121,2025-09-07,yes,ogden--utah--united-states,13.2,18,no
390,Marseille 09,Provence-Alpes-Côte d'Azur,FR,43.25433,5.4057,98860,118197,41,16291,2026-03-09,no,,,36,no
391,Vigneux-sur-Seine,Île-de-France,FR,48.70291,2.41357,98590,223199,68,6941,2026-09-22,yes,paris--ile-de-france--france,17.4,9,no
392,Livry-Gargan,Île-de-France,FR,48.9193,2.54305,98474,432998,67,16000,2026-09-08,yes,paris--ile-de-france--france,16.0,9,no
393,Belgrade,Central Serbia,RS,44.80401,20.46513,98433,318447,53,11580,2026-03-14,yes,belgrade--city-of-belgrade--serbia,3.6,40,no
394,Jette,Brussels Capital,BE,50.87309,4.33419,98253,116045,70,10541,2026-09-28,yes,brussels--belgium,4.3,34,no
395,Klingenstein,Baden-Wurttemberg,DE,48.41849,9.90812,97557,99125,54,12333,2026-09-27,no,,,42,no
396,Woluwe-Saint-Lambert,Brussels Capital,BE,50.84389,4.42912,97521,116049,70,10541,2026-09-28,yes,brussels--belgium,4.7,34,no
397,Couëron,Pays de la Loire,FR,47.21473,-1.72452,96674,316955,55,18092,2026-09-16,no,,,13,no
398,Mazargues,Provence-Alpes-Côte d'Azur,FR,43.24622,5.39788,95827,113683,36,16291,2026-02-14,no,,,36,no
399,Willebroek,Flanders,BE,51.06041,4.36019,95750,96226,73,7781,2026-08-06,yes,brussels--belgium,24.6,44,yes
400,Angers,Pays de la Loire,FR,47.47156,-0.55202,94955,148851,61,12429,2026-09-16,no,,,45,yes
401,Le Blanc-Mesnil,Île-de-France,FR,48.93872,2.46138,94834,229140,59,24799,2026-09-29,yes,paris--ile-de-france--france,12.6,9,no
402,Schaerbeek,Brussels Capital,BE,50.86935,4.37737,94394,112987,70,10541,2026-09-28,yes,brussels--belgium,3.5,34,no
403,Mechelen,Flanders,BE,51.02574,4.47762,93522,94034,73,7329,2026-08-06,yes,brussels--belgium,22.3,44,no
404,Longjumeau,Île-de-France,FR,48.69307,2.29431,92495,254513,69,6371,2026-09-22,yes,paris--ile-de-france--france,18.3,9,no
405,Yerres,Île-de-France,FR,48.71785,2.49338,92333,244108,67,9169,2026-09-22,yes,paris--ile-de-france--france,18.4,9,no
406,Le Vésinet,Île-de-France,FR,48.89281,2.13308,91840,183797,68,18035,2026-09-08,yes,paris--ile-de-france--france,16.3,9,no
407,Stróvolos,Nicosia,CY,35.14867,33.33384,91164,141028,36,23931,2026-06-21,no,,,46,yes
408,Aglantziá,Nicosia,CY,35.15422,33.39643,91164,138037,27,23931,2026-06-21,no,,,46,no
409,Nicosia,Nicosia,CY,35.17284,33.35397,91127,138816,29,23931,2026-06-21,no,,,46,no
410,Allauch,Provence-Alpes-Côte d'Azur,FR,43.33573,5.48201,90854,111205,48,16291,2026-06-23,no,,,36,no
411,Káto Lakatámeia,Nicosia,CY,35.11755,33.32539,90797,142843,36,23931,2026-06-21,no,,,46,no
412,Orsay,Île-de-France,FR,48.69572,2.18727,90398,296715,70,7156,2026-09-22,yes,paris--ile-de-france--france,21.1,9,no
413,Boom,Flanders,BE,51.09242,4.3717,90298,90758,71,7781,2026-08-06,no,,,44,no
414,Draveil,Île-de-France,FR,48.68466,2.41418,90013,201660,74,6941,2026-09-22,yes,paris--ile-de-france--france,19.4,9,no
415,Duffel,Flanders,BE,51.09554,4.50903,89462,89983,69,7781,2026-09-23,no,,,44,no
416,Sint-Katelijne-Waver,Flanders,BE,51.06691,4.53469,89441,89945,74,7329,2026-09-23,no,,,44,no
417,Arles,Provence-Alpes-Côte d'Azur,FR,43.67681,4.63031,88520,100602,59,19018,2026-09-22,no,,,47,yes
418,Evere,Brussels Capital,BE,50.87441,4.39905,88464,106457,69,10541,2026-09-28,yes,brussels--belgium,4.7,34,no
419,Saint-Cyr-l'École,Île-de-France,FR,48.79865,2.06814,88221,181115,69,8916,2026-08-16,yes,paris--ile-de-france--france,21.4,48,yes
420,Marseille 16,Provence-Alpes-Côte d'Azur,FR,43.35982,5.33421,86402,114729,45,16291,2026-09-12,no,,,36,no
421,Maltepe,Istanbul,TR,40.93567,29.15507,86197,87715,38,12660,2026-09-27,yes,istanbul--marmara-region--turkey,17.0,38,no
422,Marseille 15,Provence-Alpes-Côte d'Azur,FR,43.37224,5.35386,86006,116729,48,16291,2026-09-12,no,,,36,no
423,Toulon,Provence-Alpes-Côte d'Azur,FR,43.12442,5.92836,85508,97128,46,6795,2026-07-18,no,,,49,yes
424,Guyancourt,Île-de-France,FR,48.77334,2.07393,84777,178135,67,8916,2026-09-05,yes,paris--ile-de-france--france,22.0,48,no
425,Épinal,Grand Est,FR,48.18324,6.45304,84266,99062,66,13587,2026-08-12,no,,,50,yes
426,La Seyne-sur-Mer,Provence-Alpes-Côte d'Azur,FR,43.10322,5.87816,83755,97938,50,6795,2026-06-17,no,,,49,no
427,Sanary-sur-Mer,Provence-Alpes-Côte d'Azur,FR,43.11985,5.80155,83613,99383,45,6795,2026-06-17,no,,,49,no
428,Cugnaux,Occitanie,FR,43.53635,1.34428,82210,259485,62,19776,2026-09-27,no,,,22,no
429,Waterloo,Wallonia,BE,50.71469,4.3991,81025,90081,68,7872,2026-09-24,yes,brussels--belgium,14.0,34,no
430,Avignon,Provence-Alpes-Côte d'Azur,FR,43.94834,4.80892,80144,617109,63,6675,2026-09-29,no,,,51,yes
431,Kontich,Flanders,BE,51.13213,4.44706,78233,81102,67,7781,2026-09-23,no,,,44,no
432,Sint-Pieters-Leeuw,Flanders,BE,50.77926,4.24355,77937,85010,70,9321,2026-09-28,yes,brussels--belgium,10.7,34,no
433,Braine-l'Alleud,Wallonia,BE,50.68363,4.36784,77375,86138,66,7872,2026-08-29,yes,brussels--belgium,17.3,34,no
434,Le Pontet,Provence-Alpes-Côte d'Azur,FR,43.96119,4.86008,77170,715505,63,6675,2026-09-29,no,,,51,no
435,Savigny-sur-Orge,Île-de-France,FR,48.67677,2.34835,76155,196247,67,6371,2026-09-22,yes,paris--ile-de-france--france,19.7,9,no
436,Aulnay-sous-Bois,Île-de-France,FR,48.93814,2.49402,75084,264404,59,16000,2026-09-29,yes,paris--ile-de-france--france,14.2,9,no
437,Limoges,New Aquitaine,FR,45.83362,1.24759,74935,105606,64,3868,2026-09-03,no,,,52,yes
438,Rouen,Normandy,FR,49.44313,1.09932,74269,154320,57,26140,2026-09-27,no,,,53,yes
439,Le Petit-Quevilly,Normandy,FR,49.41338,1.06155,74036,167723,57,26140,2026-09-27,no,,,53,no
440,Mont-Saint-Aignan,Normandy,FR,49.46307,1.09364,73979,139820,59,26140,2026-09-27,no,,,53,no
441,Sotteville-lès-Rouen,Normandy,FR,49.40972,1.09005,73919,166966,57,26140,2026-09-27,no,,,53,no
442,Libourne,New Aquitaine,FR,44.91449,-0.24186,73803,74778,60,10803,2026-08-10,no,,,54,yes
443,Kilkenny,Leinster,IE,52.65417,-7.25222,73765,79058,61,20618,2026-05-06,no,,,55,yes
444,Bourges,Centre-Val de Loire,FR,47.08333,2.4,73715,87086,56,14757,2026-08-05,no,,,56,yes
445,Roissy-en-Brie,Île-de-France,FR,48.79159,2.64747,73562,579556,68,10511,2026-09-12,yes,paris--ile-de-france--france,23.0,32,no
446,Brunoy,Île-de-France,FR,48.6942,2.49223,73283,159882,67,8598,2026-09-22,yes,paris--ile-de-france--france,20.6,9,no
447,Le Pecq,Île-de-France,FR,48.89317,2.10371,72855,151852,67,13101,2026-09-08,yes,paris--ile-de-france--france,18.4,9,no
448,Le Grand-Quevilly,Normandy,FR,49.40076,1.04582,72581,168135,54,26140,2026-09-27,no,,,53,no
449,Six-Fours-les-Plages,Provence-Alpes-Côte d'Azur,FR,43.09174,5.82465,71795,86203,39,6795,2026-06-17,no,,,49,no
450,Lampertheim,Hesse,DE,49.59786,8.4725,71537,94123,56,12273,2026-07-19,no,,,30,no
451,Taipei,Taiwan,TW,25.05306,121.52639,70734,179504,65,5962,2026-09-03,yes,taipei--taiwan,5.0,57,yes
452,Saint-Dizier,Grand Est,FR,48.63773,4.94892,70212,147568,30,28041,2026-07-23,no,,,58,yes
453,Syracuse,Utah,US,41.08939,-112.06467,70192,70195,29,14706,2025-09-07,yes,ogden--utah--united-states,16.7,18,no
454,Saint-Étienne-du-Rouvray,Normandy,FR,49.37794,1.10467,69985,163686,58,26140,2026-09-27,no,,,53,no
455,Canteleu,Normandy,FR,49.44065,1.02459,69926,143438,56,26140,2026-09-27,no,,,53,no
456,Cedar Falls,Iowa,US,42.52776,-92.44547,69541,373839,53,6231,2026-04-21,no,,,59,yes
457,Ottumwa,Iowa,US,41.02001,-92.4113,69308,69308,28,10350,2024-11-28,no,,,60,yes
458,Poissy,Île-de-France,FR,48.92902,2.04952,68897,119452,65,13101,2026-09-08,yes,paris--ile-de-france--france,23.4,10,no
459,Cavaillon,Provence-Alpes-Côte d'Azur,FR,43.83125,5.03586,68870,155549,62,5709,2026-06-15,no,,,61,yes
460,Banqiao,Taipei,TW,25.01427,121.46719,68255,189061,69,5962,2026-09-03,yes,taipei--taiwan,12.4,57,no
461,La Valette-du-Var,Provence-Alpes-Côte d'Azur,FR,43.13763,5.98317,67671,79088,48,6795,2026-07-18,no,,,49,no
462,Waterloo,Iowa,US,42.49276,-92.34296,67145,398819,55,6002,2026-04-21,no,,,59,no
463,Viry-Châtillon,Île-de-France,FR,48.67211,2.39318,67129,161972,66,6371,2026-09-22,yes,paris--ile-de-france--france,20.4,9,no
464,Aarschot,Flanders,BE,50.98715,4.83695,66513,66767,72,3844,2026-09-23,no,,,62,yes
465,Lawrence Park South,Ontario,CA,43.71721,-79.40604,65866,70398,52,5212,2026-09-13,yes,toronto--ontario--canada,2.4,63,yes
466,Lagny-sur-Marne,Île-de-France,FR,48.86667,2.71667,65710,728677,63,10511,2026-09-12,no,,,32,no
467,Toronto,Ontario,CA,43.70643,-79.39864,65674,70765,54,5212,2026-09-13,yes,toronto--ontario--canada,2.2,63,no
468,Líšeň,South Moravian,CZ,49.20711,16.69484,65346,66617,57,8356,2026-07-11,no,,,64,yes
469,New Taipei City,Taipei,TW,25.06199,121.45703,65303,179788,69,5962,2026-09-03,yes,taipei--taiwan,10.8,57,no
470,Židenice,South Moravian,CZ,49.19654,16.64738,65300,67541,59,8356,2026-08-30,no,,,64,no
471,Mount Pleasant East,Ontario,CA,43.70485,-79.38492,64652,68633,55,5212,2026-09-13,yes,toronto--ontario--canada,1.6,63,no
472,Morsang-sur-Orge,Île-de-France,FR,48.66181,2.35338,64579,173447,67,6371,2026-09-22,yes,paris--ile-de-france--france,21.3,9,no
473,Verneuil-sur-Seine,Île-de-France,FR,48.97388,1.9648,64305,143198,56,13101,2026-09-08,no,,,10,no
474,Leaside-Bennington,Ontario,CA,43.7038,-79.36607,64115,68007,53,5212,2026-09-13,yes,toronto--ontario--canada,1.7,63,no
475,Oakwood Village,Ontario,CA,43.68278,-79.43833,63964,70049,48,5212,2026-09-13,yes,toronto--ontario--canada,6.3,63,no
476,Mount Pleasant West,Ontario,CA,43.70444,-79.39336,63900,68553,54,5212,2026-09-13,yes,toronto--ontario--canada,2.0,63,no
477,Brno střed,South Moravian,CZ,49.19343,16.60712,63764,66602,60,8356,2026-08-30,no,,,64,no
478,Brno,South Moravian,CZ,49.19522,16.60796,63564,66402,58,8356,2026-08-30,no,,,64,no
479,Lunel,Occitanie,FR,43.67778,4.13611,63319,90997,55,9526,2026-09-16,no,,,65,yes
480,Annex,Ontario,CA,43.67159,-79.404,63036,68055,46,5212,2026-09-13,yes,toronto--ontario--canada,5.6,63,no
481,Cagnes-sur-Mer,Provence-Alpes-Côte d'Azur,FR,43.66352,7.1479,62479,193635,44,7695,2026-07-01,no,,,66,yes
482,Edegem,Flanders,BE,51.15662,4.44504,62307,67052,70,7781,2026-09-23,no,,,44,no
483,Marly-le-Roi,Île-de-France,FR,48.86667,2.08333,61849,139426,65,8229,2026-09-08,yes,paris--ile-de-france--france,19.4,9,no
484,Thorncliffe Park,Ontario,CA,43.70775,-79.34998,61747,64644,54,5212,2026-09-13,yes,toronto--ontario--canada,2.4,63,no
485,Kensington-Chinatown,Ontario,CA,43.65355,-79.39724,61513,66532,43,5212,2026-09-13,yes,toronto--ontario--canada,7.3,63,no
486,Sevran,Île-de-France,FR,48.94472,2.52746,61479,331866,62,16000,2026-08-20,yes,paris--ile-de-france--france,16.6,9,no
487,Garges-lès-Gonesse,Île-de-France,FR,48.96791,2.39781,61459,163330,55,15846,2026-09-29,yes,paris--ile-de-france--france,13.2,9,no
488,Englemount-Lawrence,Ontario,CA,43.72035,-79.43741,61400,65789,50,5212,2026-09-13,yes,toronto--ontario--canada,4.9,63,no
489,Rosedale-Moore Park,Ontario,CA,43.68282,-79.37967,61332,66317,49,5212,2026-09-13,yes,toronto--ontario--canada,3.9,63,no
490,La Garde,Provence-Alpes-Côte d'Azur,FR,43.12468,6.01033,61219,76599,46,6795,2026-07-18,no,,,49,no
491,Zemst,Flanders,BE,50.98318,4.46079,61170,62073,70,7329,2026-09-23,yes,brussels--belgium,17.5,44,no
492,Marshalltown,Iowa,US,42.04943,-92.90798,60947,60947,31,7340,2025-08-16,no,,,67,yes
493,Rotselaar,Flanders,BE,50.95302,4.71665,60638,61960,70,3912,2026-09-16,no,,,62,no
494,Dovercourt-Wallace Emerson-Junction,Ontario,CA,43.66568,-79.43854,60489,66387,47,5212,2026-09-13,yes,toronto--ontario--canada,7.6,63,no
495,Manosque,Provence-Alpes-Côte d'Azur,FR,43.82883,5.78688,59937,126173,52,10131,2026-09-30,no,,,68,yes
496,Vienne,Rhône-Alpes,FR,45.52569,4.87484,59829,73050,47,6070,2026-09-18,no,,,43,no
497,North St.James Town,Ontario,CA,43.66962,-79.37525,59512,64413,44,5212,2026-09-13,yes,toronto--ontario--canada,5.3,63,no
498,Aix-en-Provence,Provence-Alpes-Côte d'Azur,FR,43.5283,5.44973,59504,161469,54,6119,2026-09-06,no,,,69,yes
499,Zaventem,Flanders,BE,50.88365,4.47298,59370,74439,71,10541,2026-09-26,yes,brussels--belgium,9.2,34,no
500,Bedford Park-Nortown,Ontario,CA,43.73149,-79.42023,59343,62784,51,5212,2026-09-13,yes,toronto--ontario--canada,3.9,63,no
501,Vannes,Brittany,FR,47.65688,-2.76205,59304,169533,52,12071,2026-07-27,no,,,70,yes
502,Saint-Germain-en-Laye,Île-de-France,FR,48.89643,2.0904,59005,123917,65,13101,2026-09-08,yes,paris--ile-de-france--france,19.5,10,no
503,Church-Yonge Corridor,Ontario,CA,43.65965,-79.37902,58801,63579,41,5212,2026-09-13,yes,toronto--ontario--canada,6.4,63,no
504,Bay Street Corridor,Ontario,CA,43.65751,-79.38572,58699,63346,40,5212,2026-09-13,yes,toronto--ontario--canada,6.7,63,no
505,Oklahoma City,Oklahoma,US,35.46756,-97.51643,58516,58518,22,6666,2024-07-09,yes,oklahoma-city--oklahoma--united-states,3.9,71,yes
506,Kessel-Lo,Flanders,BE,50.88549,4.73717,58496,60082,72,3912,2026-08-29,no,,,62,no
507,Les Moulins,Provence-Alpes-Côte d'Azur,FR,43.67523,7.20456,58488,186179,42,7695,2026-06-30,no,,,66,no
508,Niagara,Ontario,CA,43.64455,-79.40712,58478,63498,40,5212,2026-09-13,yes,toronto--ontario--canada,8.5,63,no
509,Trinity-Bellwoods,Ontario,CA,43.64791,-79.40849,58478,63498,40,5212,2026-09-13,yes,toronto--ontario--canada,8.2,63,no
510,Danforth East York,Ontario,CA,43.68947,-79.3314,57887,60782,46,5212,2026-09-13,yes,toronto--ontario--canada,4.8,63,no
511,Little Portugal,Ontario,CA,43.64663,-79.42956,57851,63746,39,5212,2026-09-13,yes,toronto--ontario--canada,9.0,63,no
512,Herent,Flanders,BE,50.90861,4.67056,57843,59434,71,3912,2026-09-23,yes,brussels--belgium,22.9,62,no
513,Dijon,Bourgogne,FR,47.31344,5.01391,57830,66656,57,5476,2026-09-08,no,,,72,yes
514,Plaine du Var,Provence-Alpes-Côte d'Azur,FR,43.68248,7.20179,57659,214959,45,7695,2026-06-30,no,,,66,no
515,Saint-Laurent-du-Var,Provence-Alpes-Côte d'Azur,FR,43.67323,7.19,57498,208753,42,7695,2026-06-30,no,,,66,no
516,Évry,Île-de-France,FR,48.6328,2.44049,57094,85524,68,8598,2026-09-22,no,,,73,yes
517,Les Ulis,Île-de-France,FR,48.68167,2.16944,57017,237924,68,5983,2026-09-22,yes,paris--ile-de-france--france,23.2,9,no
518,Villiers-le-Bel,Île-de-France,FR,49.00875,2.39819,56738,78451,48,15846,2026-08-18,yes,paris--ile-de-france--france,17.6,10,no
519,Blauwput,Flanders,BE,50.88587,4.72415,56729,58280,68,3912,2026-08-29,no,,,62,no
520,Centerville,Utah,US,40.918,-111.87216,56515,56521,19,17205,2025-09-13,yes,salt-lake-city--utah--united-states,16.2,18,no
521,Les Pennes-Mirabeau,Provence-Alpes-Côte d'Azur,FR,43.41012,5.30838,56464,89626,52,3754,2026-09-12,no,,,36,no
522,Moss Park,Ontario,CA,43.65498,-79.37153,56407,60360,39,5212,2026-09-13,yes,toronto--ontario--canada,7.0,63,no
523,Montigny-le-Bretonneux,Île-de-France,FR,48.76636,2.03405,56316,132510,68,8229,2026-09-05,yes,paris--ile-de-france--france,25.0,48,no
524,Leuven,Flanders,BE,50.87959,4.70093,56266,57872,72,3912,2026-08-29,yes,brussels--belgium,24.1,62,no
525,Puurs,Flanders,BE,51.07409,4.28844,56224,56719,64,7781,2026-08-06,no,,,44,no
526,High Park North,Ontario,CA,43.65626,-79.47454,56183,65674,45,5212,2026-09-13,yes,toronto--ontario--canada,10.4,63,no
527,Flemingdon Park,Ontario,CA,43.71806,-79.33222,56070,57972,54,5212,2026-09-13,yes,toronto--ontario--canada,3.5,63,no
528,Chenôve,Bourgogne,FR,47.29323,5.00457,55997,64878,54,5476,2026-09-08,no,,,72,no
529,Norman,Oklahoma,US,35.22257,-97.43948,55668,55668,18,6828,2024-07-09,no,,,74,yes
530,South Parkdale,Ontario,CA,43.6367,-79.43934,55552,62785,40,5212,2026-09-13,yes,toronto--ontario--canada,10.3,63,no
531,Reutlingen,Baden-Wurttemberg,DE,48.49144,9.20427,54634,60602,58,5198,2026-07-20,no,,,75,yes
532,Banbury-Don Mills,Ontario,CA,43.73766,-79.34972,54565,56125,53,5212,2026-09-13,yes,toronto--ontario--canada,3.1,63,no
533,Waterfront Communities-The Island,Ontario,CA,43.63388,-79.3772,54417,58108,32,5212,2026-09-13,yes,toronto--ontario--canada,9.3,63,no
534,High Park-Swansea,Ontario,CA,43.64506,-79.46787,54286,63239,42,5212,2026-09-13,yes,toronto--ontario--canada,10.9,63,no
535,Pont-à-Mousson,Grand Est,FR,48.90702,6.05635,54239,62454,55,10957,2026-08-21,no,,,76,yes
536,Plaisance-du-Touch,Occitanie,FR,43.56554,1.29645,54100,310467,63,6541,2026-09-21,no,,,22,no
537,Rockcliffe-Smythe,Ontario,CA,43.67479,-79.49442,53879,63296,47,5212,2026-09-13,yes,toronto--ontario--canada,10.6,63,no
538,Mortsel,Flanders,BE,51.16697,4.45127,53643,58554,69,7781,2026-09-23,no,,,44,no
539,Compiègne,Hauts-de-France,FR,49.41794,2.82606,53530,58278,58,6281,2026-09-14,no,,,77,yes
540,Heverlee,Flanders,BE,50.86426,4.69597,53329,54902,70,3912,2026-08-29,yes,brussels--belgium,23.5,62,no
541,Žabovřesky,South Moravian,CZ,49.21395,16.57253,53119,56573,57,8356,2026-08-30,no,,,64,no
542,Newton,Iowa,US,41.69971,-93.04798,53011,54579,22,6146,2026-03-19,no,,,78,yes
543,Královo Pole,South Moravian,CZ,49.22522,16.58987,52819,55812,54,8356,2026-08-30,no,,,64,no
544,Ozoir-la-Ferrière,Île-de-France,FR,48.76699,2.66871,52636,371504,66,10511,2026-09-12,no,,,32,no
545,Pertuis,Provence-Alpes-Côte d'Azur,FR,43.69415,5.50291,52557,104311,56,4716,2026-06-11,no,,,69,no
546,Nice,Provence-Alpes-Côte d'Azur,FR,43.70313,7.26608,51591,169399,46,7695,2026-05-05,no,,,66,no
547,Wilrijk,Flanders,BE,51.16734,4.39513,51531,56371,70,7781,2026-09-23,no,,,44,no
548,Sancaktepe,Istanbul,TR,41.00244,29.23187,51486,53282,45,6485,2026-09-22,yes,istanbul--marmara-region--turkey,21.5,38,no
549,Brookhaven-Amesbury,Ontario,CA,43.70133,-79.48559,51483,57571,45,5212,2026-09-13,yes,toronto--ontario--canada,9.0,63,no
550,Tremblay-en-France,Île-de-France,FR,48.94956,2.5684,51411,336668,65,16000,2026-08-22,yes,paris--ile-de-france--france,19.3,32,no
551,Gardanne,Provence-Alpes-Côte d'Azur,FR,43.45491,5.46913,50483,152144,53,6119,2026-09-06,no,,,36,no
552,Villeparisis,Île-de-France,FR,48.94208,2.61463,50391,337584,62,16000,2026-08-22,yes,paris--ile-de-france--france,21.8,32,no
553,Saint-Quentin-en-Yvelines,Île-de-France,FR,48.77186,2.01891,50384,119137,68,8229,2026-07-06,no,,,48,no
554,Ris-Orangis,Île-de-France,FR,48.6511,2.41406,50180,86693,68,3643,2026-09-22,yes,paris--ile-de-france--france,23.0,9,no
555,O'Connor-Parkview,Ontario,CA,43.7068,-79.31223,50157,52026,46,5212,2026-09-13,yes,toronto--ontario--canada,5.3,63,no
556,Grigny,Île-de-France,FR,48.65412,2.39343,50071,106724,65,3643,2026-09-22,yes,paris--ile-de-france--france,22.4,9,no
557,Trappes,Île-de-France,FR,48.77413,2.01781,50052,118373,67,8229,2026-07-06,no,,,48,no
558,Sorgues,Provence-Alpes-Côte d'Azur,FR,44.01023,4.87381,50011,689668,63,5609,2026-09-16,no,,,51,no
559,Senden,Bavaria,DE,48.32441,10.04442,50004,52783,49,12333,2026-09-27,no,,,42,no
560,Frankenthal,Rheinland-Pfalz,DE,49.53414,8.35357,49655,69855,55,14381,2026-07-19,no,,,30,no
561,Sint-Truiden,Flanders,BE,50.81679,5.18647,49577,49763,71,2177,2026-07-04,no,,,79,yes
562,South Riverdale,Ontario,CA,43.64929,-79.33565,49418,52083,32,5212,2026-09-13,yes,toronto--ontario--canada,8.3,63,no
563,Tervuren,Flanders,BE,50.82372,4.51418,48691,57218,70,5833,2026-09-23,yes,brussels--belgium,10.7,34,no
564,Sainte-Geneviève-des-Bois,Île-de-France,FR,48.64682,2.31965,48381,142412,64,4475,2026-09-22,yes,paris--ile-de-france--france,23.1,9,no
565,Zonhoven,Flanders,BE,50.99064,5.36819,47692,48997,68,3169,2026-08-17,no,,,80,yes
566,Vallauris,Provence-Alpes-Côte d'Azur,FR,43.57803,7.05451,47628,144215,42,4282,2026-09-16,no,,,66,no
567,La Roche-sur-Yon,Pays de la Loire,FR,46.66974,-1.42757,47512,169826,60,4109,2026-08-21,no,,,81,yes
568,Villepinte,Île-de-France,FR,48.96203,2.53253,47499,165288,58,16000,2026-08-10,yes,paris--ile-de-france--france,18.1,32,no
569,Putte,Flanders,BE,51.05337,4.63263,47326,47601,67,2818,2026-06-15,no,,,44,no
570,Grimbergen,Flanders,BE,50.93409,4.37213,47303,57181,69,10541,2026-09-26,yes,brussels--belgium,10.6,44,no
571,Diepenbeek,Flanders,BE,50.90769,5.41875,47106,47614,72,3169,2026-08-17,no,,,79,no
572,Ataşehir,Istanbul,TR,40.9833,29.1167,47070,49509,44,6573,2026-08-07,yes,istanbul--marmara-region--turkey,12.1,38,no
573,Bystrc,South Moravian,CZ,49.22645,16.5303,47014,51201,56,8356,2026-08-30,no,,,64,no
574,Shawnee,Kansas,US,39.04167,-94.72024,46545,46604,23,5524,2025-06-29,yes,kansas-city--missouri--united-states,13.7,82,yes
575,Les Mureaux,Île-de-France,FR,48.99173,1.90972,46260,93652,51,13101,2026-09-08,no,,,10,no
576,Shulin,Taipei,TW,24.99085,121.42199,46081,136362,62,5962,2026-09-03,yes,taipei--taiwan,17.6,57,no
577,Hasselt,Flanders,BE,50.93106,5.33781,46000,46838,72,3169,2026-08-17,no,,,79,no
578,Combs-la-Ville,Île-de-France,FR,48.66497,2.56957,45694,75837,66,8598,2026-09-12,no,,,73,no
579,Fos-sur-Mer,Provence-Alpes-Côte d'Azur,FR,43.43774,4.94457,45338,53652,38,5834,2026-06-12,no,,,83,yes
580,Metzingen,Baden-Wurttemberg,DE,48.53695,9.2833,45299,53787,63,5198,2026-09-05,no,,,75,no
581,Le Cannet,Provence-Alpes-Côte d'Azur,FR,43.57662,7.01912,45201,148171,48,4107,2026-09-16,no,,,66,no
582,East End-Danforth,Ontario,CA,43.68417,-79.29936,45160,46997,38,5212,2026-09-13,yes,toronto--ontario--canada,7.2,63,no
583,Toul,Grand Est,FR,48.68075,5.89115,45152,59395,67,3679,2026-08-29,no,,,84,yes
584,Sallanches,Rhône-Alpes,FR,45.94423,6.63162,45128,140795,47,7336,2026-08-18,no,,,85,yes
585,Pfullingen,Baden-Wurttemberg,DE,48.46458,9.22796,44674,49586,55,5198,2026-09-05,no,,,75,no
586,Victoria Village,Ontario,CA,43.72849,-79.31487,44631,46265,49,4965,2026-09-13,yes,toronto--ontario--canada,5.1,63,no
587,Saint-Roch,Provence-Alpes-Côte d'Azur,FR,43.71486,7.29195,44615,173091,45,7695,2026-03-19,no,,,66,no
588,Halle,Flanders,BE,50.73385,4.23454,44614,52339,65,3507,2026-09-26,yes,brussels--belgium,14.8,34,no
589,Tienen,Flanders,BE,50.80745,4.9378,44516,47487,65,5169,2026-08-01,no,,,79,no
590,Tongeren,Flanders,BE,50.78054,5.46484,44334,44538,70,1603,2026-07-21,no,,,79,no
591,Heist-op-den-Berg,Flanders,BE,51.07537,4.72827,44166,44360,68,2804,2026-09-23,no,,,62,no
592,Taylor-Massey,Ontario,CA,43.695,-79.2959,43826,45690,39,5212,2026-09-13,yes,toronto--ontario--canada,6.9,63,no
593,Bornem,Flanders,BE,51.09716,4.24364,43559,45164,68,7781,2026-07-31,no,,,44,no
594,Vitrolles,Provence-Alpes-Côte d'Azur,FR,43.46,5.24861,43377,125860,51,3754,2026-09-12,no,,,69,no
595,Madison,Wisconsin,US,43.07305,-89.40123,43360,59944,48,5399,2026-05-02,yes,madison--wisconsin--united-states,1.3,86,yes
596,La Crau,Provence-Alpes-Côte d'Azur,FR,43.14962,6.07399,43227,68383,51,5554,2026-07-18,no,,,49,no
597,Adapazarı,Sakarya,TR,40.78056,30.40333,43170,43198,36,4077,2026-06-14,no,,,87,yes
598,Gif-sur-Yvette,Île-de-France,FR,48.68333,2.13333,42871,207703,66,5983,2026-09-22,yes,paris--ile-de-france--france,24.6,48,no
599,Kansas City,Kansas,US,39.11417,-94.62746,42407,42858,33,5524,2025-06-29,yes,kansas-city--missouri--united-states,5.1,82,no
600,Stonegate-Queensway,Ontario,CA,43.63552,-79.50113,42368,52631,40,5212,2026-09-06,yes,toronto--ontario--canada,13.6,63,no
601,Marignane,Provence-Alpes-Côte d'Azur,FR,43.41727,5.21462,42282,96340,48,3754,2026-04-29,no,,,88,yes
602,The Beaches,Ontario,CA,43.67372,-79.29539,42265,43846,33,5212,2026-09-13,yes,toronto--ontario--canada,8.1,63,no
603,Bethany,Oklahoma,US,35.51867,-97.63226,42200,42205,13,7236,2024-07-09,yes,warr-acres--oklahoma--united-states,1.3,71,no
604,Saint-Étienne,Rhône-Alpes,FR,45.43389,4.39,42184,134808,53,12243,2026-09-11,no,,,89,yes
605,Rochefort,New Aquitaine,FR,45.94304,-0.96774,42014,49804,56,4333,2026-08-28,no,,,90,yes
606,Fréjus,Provence-Alpes-Côte d'Azur,FR,43.43325,6.73555,42000,79360,44,7193,2026-06-17,no,,,91,yes
607,Edenbridge-Humber Valley,Ontario,CA,43.67089,-79.52246,41392,51597,42,5212,2026-09-13,yes,toronto--ontario--canada,12.8,63,no
608,Ninove,Flanders,BE,50.82776,4.02657,40836,46093,67,2092,2026-09-26,yes,brussels--belgium,23.7,92,yes
609,Voiron,Rhône-Alpes,FR,45.36471,5.5856,40614,53013,62,4054,2026-07-02,no,,,93,yes
610,Antibes,Provence-Alpes-Côte d'Azur,FR,43.58127,7.12487,40479,91051,31,4282,2026-09-16,no,,,66,no
611,Clinton,Utah,US,41.13967,-112.0505,40477,40480,23,6719,2025-08-27,yes,ogden--utah--united-states,11.3,18,no
612,Corbeil-Essonnes,Île-de-France,FR,48.60603,2.48757,40294,61736,62,8598,2026-09-12,no,,,73,no
613,Schweinfurt,Bavaria,DE,50.04937,10.22175,40241,41918,43,7568,2026-06-22,no,,,94,yes
614,Brie-Comte-Robert,Île-de-France,FR,48.69247,2.6109,39940,113699,65,8598,2026-09-12,no,,,32,no
615,Neihu,Taiwan,TW,25.0815,121.58809,39818,83449,47,3853,2026-07-06,yes,taipei--taiwan,2.7,57,no
616,Clanton Park,Ontario,CA,43.74198,-79.4463,39350,41811,41,5212,2026-09-13,yes,toronto--ontario--canada,6.2,63,no
617,Cannes,Provence-Alpes-Côte d'Azur,FR,43.55135,7.01275,39331,131117,38,4107,2026-09-16,no,,,66,no
618,Martigues,Provence-Alpes-Côte d'Azur,FR,43.40735,5.05526,39309,50806,40,5834,2026-04-29,no,,,83,no
619,Hoofddorp,North Holland,NL,52.3025,4.68889,39137,83758,56,11870,2026-05-02,yes,amsterdam--north-holland--netherlands,15.7,16,no
620,Juan-les-Pins,Provence-Alpes-Côte d'Azur,FR,43.56945,7.11309,38950,93594,29,4282,2026-09-16,no,,,66,no
621,Clairlea-Birchmount,Ontario,CA,43.71359,-79.28138,38773,40401,41,4965,2026-09-13,yes,toronto--ontario--canada,7.6,63,no
622,Stuttgart-Ost,Baden-Wurttemberg,DE,48.78363,9.21032,38749,43334,57,3279,2026-03-21,no,,,95,yes
623,Saint-Raphaël,Provence-Alpes-Côte d'Azur,FR,43.42332,6.7735,38731,77185,40,7193,2026-06-17,no,,,91,no
624,Mougins,Provence-Alpes-Côte d'Azur,FR,43.60068,6.99523,38630,140643,53,4107,2026-09-16,no,,,66,no
625,Draguignan,Provence-Alpes-Côte d'Azur,FR,43.53692,6.46458,38581,61199,55,6621,2026-06-17,no,,,96,yes
626,Diest,Flanders,BE,50.98923,5.05062,38315,38896,68,3497,2026-08-01,no,,,62,no
627,Gap,Provence-Alpes-Côte d'Azur,FR,44.55858,6.07868,38181,47098,55,3213,2026-02-02,no,,,97,yes
628,Parkwoods-Donalda,Ontario,CA,43.75503,-79.33018,38179,39493,50,2920,2026-09-13,yes,toronto--ontario--canada,5.6,63,no
629,Heidelberg,Baden-Wurttemberg,DE,49.40768,8.69079,38062,88966,60,6957,2026-07-25,no,,,30,no
630,Farmsen-Berne,Hamburg,DE,53.60639,10.11972,38010,283755,72,5621,2026-08-30,no,,,98,yes
631,Novi Sad,Vojvodina,RS,45.25167,19.83694,38004,81963,33,3812,2025-11-25,no,,,99,yes
632,Laxou,Grand Est,FR,48.68372,6.14929,37894,112413,60,4282,2026-08-28,no,,,84,no
633,Hoboken,Flanders,BE,51.17611,4.34844,37860,42919,63,7781,2026-08-10,no,,,44,no
634,Vence,Provence-Alpes-Côte d'Azur,FR,43.72254,7.11183,37673,154656,47,7695,2026-03-19,no,,,66,no
635,Livorno,Tuscany,IT,43.54427,10.32615,37240,91792,37,5160,2025-12-31,no,,,100,yes
636,Überlingen,Baden-Wurttemberg,DE,47.76977,9.17136,37215,148935,54,15643,2026-03-15,no,,,101,yes
637,Volksdorf,Hamburg,DE,53.64972,10.18417,37086,130020,67,5621,2026-07-28,no,,,98,no
638,Rahlstedt,Hamburg,DE,53.60194,10.15667,37011,207168,70,5621,2026-08-30,no,,,98,no
639,Saint-Michel-sur-Orge,Île-de-France,FR,48.63479,2.30831,36980,99367,63,2749,2026-09-22,yes,paris--ile-de-france--france,24.5,9,no
640,St. Andrew-Windfields,Ontario,CA,43.75625,-79.37904,36969,38106,47,2250,2026-09-13,yes,toronto--ontario--canada,4.3,63,no
641,Stuttgart,Baden-Wurttemberg,DE,48.78232,9.17702,36873,42107,59,3279,2026-03-31,no,,,95,no
642,Zolder,Flanders,BE,51.02455,5.30983,36719,37916,63,1814,2026-08-17,no,,,80,no
643,Wexford/Maryvale,Ontario,CA,43.74857,-79.29864,36640,38031,48,2920,2026-09-13,yes,toronto--ontario--canada,7.1,63,no
644,Villers-lès-Nancy,Grand Est,FR,48.67333,6.15283,36585,112815,61,4282,2026-08-28,no,,,84,no
645,Schwetzingen,Baden-Wurttemberg,DE,49.38217,8.5823,36543,86292,59,6957,2026-09-21,no,,,30,no
646,La Ciotat,Provence-Alpes-Côte d'Azur,FR,43.17476,5.60449,36522,40326,30,5556,2026-06-15,no,,,36,no
647,Lier,Flanders,BE,51.13128,4.57041,36360,37093,63,5979,2026-09-23,no,,,44,no
648,Bilzen,Flanders,BE,50.87325,5.5184,36324,36577,69,1327,2026-06-18,no,,,80,no
649,Weston,Ontario,CA,43.70359,-79.51513,36223,44096,39,4142,2026-09-13,yes,toronto--ontario--canada,11.3,63,no
650,Port-de-Bouc,Provence-Alpes-Côte d'Azur,FR,43.40657,4.9809,36163,45081,35,5834,2026-04-29,no,,,83,no
651,Genk,Flanders,BE,50.965,5.50082,35924,36959,71,1442,2026-08-07,no,,,80,no
652,Vilvoorde,Flanders,BE,50.92814,4.42938,35768,41259,68,5186,2026-09-26,yes,brussels--belgium,11.0,44,no
653,Hyères,Provence-Alpes-Côte d'Azur,FR,43.12038,6.12857,35629,59348,44,5554,2026-07-18,no,,,49,no
654,Istres,Provence-Alpes-Côte d'Azur,FR,43.51345,4.98747,35251,40471,40,5834,2026-06-12,no,,,83,no
655,Mason City,Iowa,US,43.15357,-93.20104,35013,35013,39,2132,2026-01-31,no,,,102,yes
656,Heusden,Flanders,BE,51.03664,5.28013,35004,36187,67,1814,2026-08-17,no,,,80,no
657,Uppsala,Uppsala,SE,59.85882,17.63889,34910,35021,43,4577,2026-09-13,no,,,103,yes
658,Moissy-Cramayel,Île-de-France,FR,48.62605,2.60125,34892,60636,64,8598,2026-09-12,no,,,73,no
659,Bursa,Bursa Province,TR,40.19559,29.06013,34584,35409,31,6162,2026-06-07,no,,,104,yes
660,Westerlo,Flanders,BE,51.09049,4.91544,34323,35352,67,2804,2026-09-23,no,,,62,no
661,Vandœuvre-lès-Nancy,Grand Est,FR,48.66115,6.17114,33959,112530,61,4282,2026-08-28,no,,,105,yes
662,Weesp,North Holland,NL,52.3075,5.04167,33948,37077,51,14284,2026-03-27,yes,amsterdam--north-holland--netherlands,10.7,16,no
663,Birchcliffe-Cliffside,Ontario,CA,43.69468,-79.26509,33942,35444,33,4965,2026-08-22,yes,toronto--ontario--canada,9.3,63,no
664,Dorset Park,Ontario,CA,43.75386,-79.28215,33922,35295,49,2122,2026-09-13,yes,toronto--ontario--canada,8.6,63,no
665,Stuttgart Feuerbach,Baden-Wurttemberg,DE,48.80867,9.15719,33921,38341,58,3279,2026-03-21,no,,,95,no
666,Nordstadt,Lower Saxony,DE,52.38561,9.71586,33793,37395,53,6031,2026-09-02,no,,,106,yes
667,Velserbroek,North Holland,NL,52.43283,4.66155,33793,42030,49,8099,2025-09-09,yes,amsterdam--north-holland--netherlands,18.6,16,no
668,Langenhagen,Lower Saxony,DE,52.44758,9.73741,33725,38606,47,6031,2026-09-02,no,,,106,no
669,Nancy,Grand Est,FR,48.68439,6.18496,33719,112049,61,4282,2026-08-28,no,,,105,no
670,Hannover,Lower Saxony,DE,52.37052,9.73322,33695,37248,53,6031,2026-09-02,no,,,106,no
671,Linden-Nord,Lower Saxony,DE,52.37204,9.70676,33646,37140,51,6031,2026-09-02,no,,,106,no
672,Linden,Lower Saxony,DE,52.36449,9.71157,33595,37135,50,6031,2026-09-02,no,,,106,no
673,Bothfeld,Lower Saxony,DE,52.41732,9.79612,33385,37485,51,6031,2026-09-02,no,,,106,no
674,Wandsbek,Hamburg,DE,53.58334,10.08305,33295,367014,69,5621,2026-08-30,no,,,98,no
675,Nivelles,Wallonia,BE,50.59833,4.32848,33231,37805,55,7088,2026-08-16,no,,,34,no
676,Südstadt,Lower Saxony,DE,52.35967,9.7508,33159,36510,52,6031,2026-09-02,no,,,106,no
677,Szolnok,Jász-Nagykun-Szolnok,HU,47.18066,20.19835,33148,33196,25,7281,2025-08-25,no,,,107,yes
678,Colmar,Grand Est,FR,48.08078,7.35584,33050,39455,56,9369,2026-08-29,no,,,108,yes
679,Gamla Uppsala,Uppsala,SE,59.89817,17.63386,32989,33102,38,4577,2026-09-13,no,,,103,no
680,Riemst,Flanders,BE,50.80995,5.60131,32938,33919,68,1327,2026-07-21,no,,,109,yes
681,Dulsberg,Hamburg,DE,53.58383,10.06445,32899,390919,72,5621,2026-08-30,no,,,98,no
682,Houthalen,Flanders,BE,51.03427,5.37429,32863,33864,63,1509,2026-08-17,no,,,80,no
683,Raytown,Missouri,US,39.00862,-94.46356,32534,74023,24,9787,2025-07-15,yes,kansas-city--missouri--united-states,13.4,110,yes
684,Marienthal,Hamburg,DE,53.56667,10.08333,32502,370566,69,5621,2026-08-30,no,,,98,no
685,Denderleeuw,Flanders,BE,50.88506,4.07601,32481,35393,69,2092,2026-09-26,yes,brussels--belgium,20.8,92,no
686,Ruma,Vojvodina,RS,45.00806,19.82222,32409,85774,39,4044,2025-07-20,no,,,111,yes
687,Tübingen,Baden-Wurttemberg,DE,48.52266,9.05222,32400,35157,52,2340,2026-07-20,no,,,75,no
688,Vesoul,Bourgogne,FR,47.62604,6.14251,32202,40480,62,3451,2026-04-19,no,,,112,yes
689,Fulda,Hesse,DE,50.55162,9.67518,32175,35048,50,4204,2026-09-27,no,,,113,yes
690,Haaltert,Flanders,BE,50.90634,4.00093,32158,38058,70,1691,2026-09-26,no,,,92,no
691,Council Bluffs,Iowa,US,41.26194,-95.86083,32152,41159,29,4290,2026-03-28,yes,omaha--nebraska--united-states,11.8,114,yes
692,Horn,Hamburg,DE,53.55406,10.08989,32008,364803,70,5621,2026-08-30,no,,,98,no
693,Leinfelden-Echterdingen,Baden-Wurttemberg,DE,48.69406,9.16809,31941,40517,62,2411,2026-09-03,no,,,95,no
694,Umraniye,Istanbul,TR,41.01643,29.12476,31808,33286,42,4050,2026-06-21,yes,istanbul--marmara-region--turkey,12.5,38,no
695,Ahrensburg,Schleswig-Holstein,DE,53.67661,10.23705,31676,89290,60,5621,2026-07-08,no,,,98,no
696,Herzele,Flanders,BE,50.88681,3.89014,31672,44225,69,1691,2026-09-26,no,,,92,no
697,Grasse,Provence-Alpes-Côte d'Azur,FR,43.65783,6.92537,31619,76319,54,5188,2026-06-17,no,,,66,no
698,Henry Farm,Ontario,CA,43.76952,-79.3524,31472,32671,43,2122,2026-09-13,yes,toronto--ontario--canada,6.1,63,no
699,Kansas City,Missouri,US,39.09973,-94.57857,31383,32621,31,5262,2025-07-15,yes,kansas-city--missouri--united-states,0.9,82,no
700,Aubagne,Provence-Alpes-Côte d'Azur,FR,43.29276,5.57067,31356,44558,46,3684,2026-06-23,no,,,36,no
701,Korntal,Baden-Wurttemberg,DE,48.83218,9.1214,31283,35023,54,3279,2026-03-21,no,,,95,no
702,Savigny-le-Temple,Île-de-France,FR,48.57409,2.58287,31201,48579,60,8598,2026-09-18,no,,,73,no
703,Montigny-lès-Metz,Grand Est,FR,49.0956,6.15271,31080,36133,58,3826,2026-08-29,no,,,115,yes
704,Orange,Provence-Alpes-Côte d'Azur,FR,44.13806,4.81025,31038,434382,58,5511,2026-08-12,no,,,116,yes
705,Steilshoop,Hamburg,DE,53.61028,10.05917,31019,359342,72,5621,2026-08-30,no,,,98,no
706,Vitry-le-François,Grand Est,FR,48.72472,4.58439,31004,32083,36,7202,2026-07-23,no,,,117,yes
707,Glinde,Schleswig-Holstein,DE,53.54046,10.21301,30975,132945,63,5621,2026-08-30,no,,,98,no
708,Gerlingen,Baden-Wurttemberg,DE,48.79954,9.06316,30969,35612,55,3279,2026-03-21,no,,,95,no
709,Kortenberg,Flanders,BE,50.88982,4.54353,30955,32913,70,2259,2026-09-23,yes,brussels--belgium,13.9,118,yes
710,Saintes,New Aquitaine,FR,45.74742,-0.63489,30925,39017,57,3153,2026-05-20,no,,,119,yes
711,Koersel,Flanders,BE,51.05909,5.27121,30837,31980,63,1814,2026-08-17,no,,,80,no
712,Würzburg,Bavaria,DE,49.79391,9.95121,30648,40330,58,4184,2026-06-12,no,,,120,yes
713,Beringen,Flanders,BE,51.04954,5.22606,30618,31703,66,1814,2026-08-17,no,,,80,no
714,Kennedy Park,Ontario,CA,43.72267,-79.26052,30516,31906,39,2920,2026-08-22,yes,toronto--ontario--canada,9.3,63,no
715,Downsview-Roding-CFB,Ontario,CA,43.73329,-79.49049,30392,33188,35,4142,2026-09-13,yes,toronto--ontario--canada,9.3,63,no
716,Künzell,Hesse,DE,50.5442,9.71792,30314,33367,49,4204,2026-09-27,no,,,113,no
717,Metz,Grand Est,FR,49.11911,6.17269,30225,34824,58,3826,2026-08-29,no,,,115,no
718,Meise,Flanders,BE,50.93934,4.32655,30205,34187,68,3528,2026-09-26,yes,brussels--belgium,11.5,44,no
719,Liberty,Missouri,US,39.24611,-94.41912,30068,30068,21,3788,2025-06-29,yes,kansas-city--missouri--united-states,21.8,121,yes
720,Gladstone,Missouri,US,39.20389,-94.55468,29791,29791,24,3788,2025-06-29,yes,kansas-city--missouri--united-states,12.6,121,no
721,Assendelft,North Holland,NL,52.46833,4.74306,29685,32689,45,8099,2025-09-05,yes,amsterdam--north-holland--netherlands,16.7,16,no
722,Muscatine,Iowa,US,41.42447,-91.04321,29658,29658,17,4868,2024-06-27,no,,,122,yes
723,Billstedt,Hamburg,DE,53.55,10.13333,29597,276868,67,5621,2026-08-30,no,,,98,no
724,Leimen,Baden-Wurttemberg,DE,49.34737,8.68733,29553,74601,63,6957,2026-09-16,no,,,123,yes
725,Brétigny-sur-Orge,Île-de-France,FR,48.61135,2.30593,29467,71905,63,2749,2026-09-22,no,,,73,no
726,Del City,Oklahoma,US,35.44201,-97.44087,29416,29416,12,5224,2024-07-09,yes,oklahoma-city--oklahoma--united-states,5.6,71,no
727,Valenciennes,Hauts-de-France,FR,50.35909,3.52506,29354,34531,48,14990,2026-08-16,no,,,124,yes
728,Lede,Flanders,BE,50.96626,3.98594,29310,30178,72,1691,2026-09-26,no,,,92,no
729,Willowdale,Ontario,CA,43.76672,-79.39909,29293,30350,41,2250,2026-09-13,yes,toronto--ontario--canada,5.8,63,no
730,Kingsview Village-The Westway,Ontario,CA,43.69899,-79.54786,29213,38747,35,4142,2026-09-06,yes,toronto--ontario--canada,13.9,63,no
731,Mimico,Ontario,CA,43.61616,-79.51269,29207,39675,38,4142,2026-09-06,yes,toronto--ontario--canada,15.7,63,no
732,Aalsmeer,North Holland,NL,52.25917,4.75972,29163,58745,42,6461,2026-03-29,yes,amsterdam--north-holland--netherlands,14.5,16,no
733,Villefranche-sur-Saône,Rhône-Alpes,FR,45.98967,4.71961,29009,113243,60,3165,2026-09-28,no,,,125,yes
734,Stuttgart Mühlhausen,Baden-Wurttemberg,DE,48.84232,9.23028,28992,32978,57,3279,2026-02-11,no,,,95,no
735,Ans,Wallonia,BE,50.6623,5.52029,28905,36753,67,2826,2026-07-21,no,,,109,no
736,Willowdale East,Ontario,CA,43.7706,-79.40148,28837,29809,40,2250,2026-09-13,yes,toronto--ontario--canada,6.2,63,no
737,Middleton,Wisconsin,US,43.09722,-89.50429,28771,43472,47,5399,2026-04-21,yes,madison--wisconsin--united-states,8.4,86,no
738,Petersberg,Hesse,DE,50.56002,9.71295,28734,31146,46,4204,2026-09-27,no,,,113,no
739,Mechelen-aan-de-Maas,Flanders,BE,50.96589,5.69144,28659,31155,67,2123,2026-06-18,no,,,109,no
740,Tessenderlo,Flanders,BE,51.06513,5.08856,28651,29910,69,3497,2026-07-31,no,,,62,no
741,Fellbach,Baden-Wurttemberg,DE,48.80912,9.27697,28478,32222,52,3279,2026-03-17,no,,,95,no
742,Eglinton East,Ontario,CA,43.73917,-79.24576,28423,29799,40,2064,2026-08-22,yes,toronto--ontario--canada,10.8,63,no
743,Tam O'Shanter-Sullivan,Ontario,CA,43.77977,-79.29502,28398,29677,45,1814,2026-09-13,yes,toronto--ontario--canada,9.5,63,no
744,Mitry-Mory,Île-de-France,FR,48.98333,2.61667,28302,95044,58,16000,2026-08-02,yes,paris--ile-de-france--france,24.3,32,no
745,Haarlem,North Holland,NL,52.38084,4.63683,28288,50009,57,6005,2026-02-18,yes,amsterdam--north-holland--netherlands,18.4,16,no
746,Cluses,Rhône-Alpes,FR,46.06251,6.57497,28209,58363,47,2993,2026-08-18,no,,,85,no
747,Willowridge-Martingrove-Richview,Ontario,CA,43.68364,-79.55422,28168,38943,35,4142,2026-09-06,yes,toronto--ontario--canada,14.8,63,no
748,Bretten,Baden-Wurttemberg,DE,49.03685,8.70745,27843,28540,46,3819,2026-03-15,no,,,126,yes
749,Tubize,Wallonia,BE,50.69059,4.2009,27641,35332,64,1547,2026-08-16,yes,brussels--belgium,20.0,34,no
750,Salt Lake City,Utah,US,40.76078,-111.89105,27637,28210,24,8458,2025-10-28,yes,salt-lake-city--utah--united-states,3.1,127,yes
751,Maasmechelen,Flanders,BE,50.96545,5.69452,27543,30016,65,2123,2026-06-18,no,,,109,no
752,Misburg,Lower Saxony,DE,52.39006,9.85199,27532,30993,45,6031,2026-08-21,no,,,106,no
753,Sasel,Hamburg,DE,53.65385,10.11184,27436,165917,67,5621,2026-07-28,no,,,98,no
754,Bendale,Ontario,CA,43.76681,-79.25326,27345,28721,46,1814,2026-08-22,yes,toronto--ontario--canada,11.3,63,no
755,Rixensart,Wallonia,BE,50.71229,4.52529,27339,29579,61,5694,2026-08-29,yes,brussels--belgium,18.1,34,no
756,Wetteren,Flanders,BE,51.00526,3.88341,27237,32237,71,1419,2026-09-26,no,,,128,yes
757,Hamm,Hamburg,DE,53.55487,10.05742,27101,396423,74,4697,2026-08-30,no,,,98,no
758,Gelligaer,Wales,GB,51.66444,-3.25611,27101,27139,57,1617,2026-01-19,no,,,129,yes
759,South Salt Lake,Utah,US,40.71884,-111.88827,26964,27534,26,8458,2025-10-28,yes,salt-lake-city--utah--united-states,7.0,127,no
760,Independence,Missouri,US,39.09112,-94.41551,26962,53922,9,9787,2025-07-15,yes,kansas-city--missouri--united-states,13.8,110,no
761,Lansing-Westgate,Ontario,CA,43.75427,-79.42475,26891,27685,40,2250,2026-09-13,yes,toronto--ontario--canada,5.6,63,no
762,Ditzingen,Baden-Wurttemberg,DE,48.82672,9.06703,26767,30701,54,3279,2026-03-21,no,,,95,no
763,Mulhouse,Grand Est,FR,47.75205,7.32866,26757,35790,48,3483,2026-08-29,no,,,130,yes
764,Roy,Utah,US,41.16161,-112.02633,26684,26690,19,6719,2025-08-27,yes,ogden--utah--united-states,8.1,18,no
765,North Salt Lake,Utah,US,40.84856,-111.90688,26558,26564,19,8458,2025-09-14,yes,salt-lake-city--utah--united-states,8.1,127,no
766,Les Clayes-sous-Bois,Île-de-France,FR,48.82206,1.98677,26454,65247,61,2583,2026-05-27,no,,,48,no
767,Fort Dodge,Iowa,US,42.49747,-94.16802,26449,26449,17,4740,2024-11-16,no,,,131,yes
768,Illzach,Grand Est,FR,47.7742,7.35175,26409,35806,52,3483,2026-08-13,no,,,130,no
769,Kornwestheim,Baden-Wurttemberg,DE,48.86158,9.18569,26372,30275,54,3279,2026-02-11,no,,,95,no
770,Barmbek-Süd,Hamburg,DE,53.58007,10.04067,26259,409202,70,4697,2026-08-30,no,,,98,no
771,Eilbek,Hamburg,DE,53.56776,10.04718,26076,402223,73,4697,2026-08-30,no,,,98,no
772,Saint-Chamond,Rhône-Alpes,FR,45.4759,4.51294,26068,146332,57,8800,2026-08-02,no,,,89,no
773,Yutz,Grand Est,FR,49.35571,6.1926,26063,28533,61,2280,2026-08-28,no,,,132,yes
774,Islington-City Centre West,Ontario,CA,43.63347,-79.54332,25971,37152,39,4142,2026-09-06,yes,toronto--ontario--canada,16.4,63,no
775,Helchteren,Flanders,BE,51.05591,5.38244,25922,26769,63,1312,2026-08-07,no,,,80,no
776,Barmbek-Nord,Hamburg,DE,53.6052,10.03988,25914,391407,72,4697,2026-08-30,no,,,98,no
777,Caerphilly,Wales,GB,51.57452,-3.218,25347,25431,59,1617,2026-01-29,no,,,129,no
778,Filderstadt,Baden-Wurttemberg,DE,48.65698,9.22049,25307,35578,65,1838,2026-09-03,no,,,75,no
779,Cliffcrest,Ontario,CA,43.72192,-79.23091,25158,26533,34,2064,2026-08-22,yes,toronto--ontario--canada,11.7,63,no
780,Lanaken,Flanders,BE,50.89318,5.6468,25152,28231,67,1107,2026-06-18,no,,,109,no
781,Woburn,Ontario,CA,43.76657,-79.22773,25114,26461,44,1814,2026-08-22,yes,toronto--ontario--canada,13.1,63,no
782,Huy,Wallonia,BE,50.51894,5.23284,25038,30285,67,2159,2026-09-26,no,,,133,yes
783,Temse,Flanders,BE,51.12794,4.21372,25020,27073,61,4011,2026-07-28,no,,,44,no
784,Overijse,Flanders,BE,50.77436,4.53461,24744,26426,64,1628,2026-09-11,yes,brussels--belgium,14.0,34,no
785,Karlsruhe,Baden-Wurttemberg,DE,49.00937,8.40444,24594,147781,61,2647,2026-09-26,no,,,134,yes
786,Agincourt South-Malvern West,Ontario,CA,43.78866,-79.26561,24472,25746,43,1814,2026-08-22,yes,toronto--ontario--canada,11.9,63,no
787,Berchem,Flanders,BE,51.19021,4.43264,24442,29863,67,1984,2026-09-23,no,,,44,no
788,Weinheim,Baden-Wurttemberg,DE,49.54887,8.66697,24440,142856,61,6905,2026-07-29,no,,,30,no
789,Hockenheim,Baden-Wurttemberg,DE,49.32334,8.55194,24410,65108,60,6957,2026-09-26,no,,,30,no
790,Gentbrugge,Flanders,BE,51.03692,3.76509,24287,40142,71,1419,2026-09-27,no,,,128,no
791,Blackwood,Wales,GB,51.66778,-3.2075,24198,24241,58,1347,2025-12-14,no,,,129,no
792,Troyes,Grand Est,FR,48.30073,4.08524,24117,30321,57,1969,2026-04-02,no,,,135,yes
793,Saint-Nicolas,Wallonia,BE,50.62837,5.53243,24090,32456,64,2826,2026-07-21,no,,,136,yes
794,Aalst,Flanders,BE,50.93604,4.0355,24059,24878,71,1691,2026-09-26,no,,,92,no
795,Wittenheim,Grand Est,FR,47.8109,7.32756,23930,32489,47,3483,2026-08-13,no,,,130,no
796,Ostfildern,Baden-Wurttemberg,DE,48.72704,9.24954,23817,34081,58,3186,2026-09-03,no,,,95,no
797,Pleasant View,Ontario,CA,43.78609,-79.33502,23693,24893,42,1814,2026-09-13,yes,toronto--ontario--canada,8.3,63,no
798,Asse,Flanders,BE,50.91011,4.19836,23575,25406,68,2147,2026-09-26,yes,brussels--belgium,14.0,92,no
799,L'Isle-sur-la-Sorgue,Provence-Alpes-Côte d'Azur,FR,43.91971,5.05141,23410,127066,60,3428,2026-06-15,no,,,51,no
800,Omaha,Nebraska,US,41.25626,-95.94043,23404,35339,35,4290,2026-03-28,yes,omaha--nebraska--united-states,5.3,114,no
801,Oupeye,Wallonia,BE,50.71184,5.6468,23382,28543,64,1288,2026-07-21,no,,,109,no
802,Denain,Hauts-de-France,FR,50.3293,3.3943,23382,28202,35,14990,2026-08-16,no,,,124,no
803,Pontypridd,Wales,GB,51.6021,-3.34211,23302,23350,53,1617,2026-01-19,no,,,129,no
804,Bayview Village,Ontario,CA,43.77639,-79.38028,23280,24279,40,1709,2026-09-13,yes,toronto--ontario--canada,6.6,63,no
805,Thionville,Grand Est,FR,49.35994,6.16044,23139,25357,61,2280,2026-08-28,no,,,132,no
806,Rennes,Brittany,FR,48.11109,-1.67431,23083,768004,62,2763,2026-09-19,no,,,137,yes
807,Misburg-Nord,Lower Saxony,DE,52.39681,9.86027,23054,26402,43,6031,2026-08-21,no,,,106,no
808,Silverdale,Washington,US,47.64454,-122.69487,23004,41208,33,5350,2026-06-24,yes,poulsbo--washington--united-states,11.3,138,yes
809,Scarborough Village,Ontario,CA,43.73899,-79.22124,22962,24304,37,1814,2026-08-22,yes,toronto--ontario--canada,12.7,63,no
810,Waiblingen,Baden-Wurttemberg,DE,48.83241,9.31641,22888,25775,53,1821,2026-03-17,no,,,95,no
811,Winterhude,Hamburg,DE,53.59368,10.01123,22885,409833,71,4697,2026-09-01,no,,,98,no
812,Don Valley Village,Ontario,CA,43.78329,-79.35364,22846,24046,40,1814,2026-09-13,yes,toronto--ontario--canada,7.5,63,no
813,Carouge,Geneva,CH,46.18096,6.13921,22672,42763,58,4512,2026-09-20,no,,,139,yes
814,Merelbeke,Flanders,BE,50.99447,3.74621,22408,44497,66,1419,2026-08-08,no,,,128,no
815,Eggenstein-Leopoldshafen,Baden-Wurttemberg,DE,49.09006,8.39879,22322,59498,57,2647,2026-09-26,no,,,134,no
816,Xizhi,Taipei,TW,25.06615,121.65985,22224,35785,44,1510,2026-06-29,yes,taipei--taiwan,10.1,57,no
817,Herentals,Flanders,BE,51.17655,4.83248,22109,23011,66,2183,2026-09-23,no,,,140,yes
818,Mâcon,Bourgogne,FR,46.31407,4.82823,22101,29181,51,2690,2026-09-17,no,,,141,yes
819,Rheinstetten,Baden-Wurttemberg,DE,48.9685,8.30704,22071,159141,56,2647,2026-07-26,no,,,134,no
820,Flémalle-Haute,Wallonia,BE,50.59994,5.44471,22024,27267,63,2826,2026-09-12,no,,,133,no
821,Cesson-Sévigné,Brittany,FR,48.1212,-1.603,21994,761993,64,2763,2026-09-19,no,,,137,no
822,Bremerton,Washington,US,47.56732,-122.63264,21766,38991,41,5350,2026-07-29,yes,bremerton--washington--united-states,6.3,138,no
823,L'Amoreaux,Ontario,CA,43.79572,-79.31408,21688,22863,38,1814,2026-09-13,yes,toronto--ontario--canada,10.0,63,no
824,Alsterdorf,Hamburg,DE,53.61083,10.01306,21649,379345,69,4697,2026-08-30,no,,,98,no
825,Hamburg-Mitte,Hamburg,DE,53.55,10.01667,21628,413148,71,4697,2026-09-01,no,,,98,no
826,Le Mans,Pays de la Loire,FR,48.0021,0.20251,21589,55295,61,2036,2026-06-10,no,,,142,yes
827,Eindhoven,North Brabant,NL,51.44083,5.47778,21420,71491,64,2561,2026-09-21,no,,,143,yes
828,Ronse,Flanders,BE,50.74574,3.6005,21386,167997,69,1528,2026-05-29,no,,,144,yes
829,Willowdale West,Ontario,CA,43.77121,-79.42756,21306,22009,35,2250,2026-09-13,yes,toronto--ontario--canada,7.3,63,no
830,Auxerre,Bourgogne,FR,47.7996,3.57033,21253,149261,63,1921,2026-07-24,no,,,145,yes
831,Sint-Amandsberg,Flanders,BE,51.05947,3.74943,21233,35424,68,1419,2026-09-27,no,,,128,no
832,Chamalières,Rhône-Alpes,FR,45.77364,3.06703,21216,403116,63,3281,2026-08-20,no,,,146,yes
833,Sremčica,Central Serbia,RS,44.67653,20.39232,21120,53424,38,2168,2026-03-14,yes,belgrade--city-of-belgrade--serbia,15.6,40,no
834,Clermont-Ferrand,Rhône-Alpes,FR,45.77969,3.08682,21097,417407,62,3281,2026-08-20,no,,,146,no
835,Agincourt North,Ontario,CA,43.80418,-79.27528,21067,22233,38,1814,2026-08-22,yes,toronto--ontario--canada,12.6,63,no
836,Chambéry,Rhône-Alpes,FR,45.56628,5.92079,20991,172856,63,9462,2026-05-15,no,,,147,yes
837,Zottegem,Flanders,BE,50.86955,3.81052,20954,50203,66,1212,2026-09-26,no,,,92,no
838,Destelbergen,Flanders,BE,51.05952,3.79899,20801,33043,68,1419,2026-09-27,no,,,128,no
839,Miramas,Provence-Alpes-Côte d'Azur,FR,43.58508,5.00268,20795,59611,45,2365,2026-08-27,no,,,83,no
840,La Teste-de-Buch,New Aquitaine,FR,44.63278,-1.14513,20750,246610,42,4786,2025-10-02,no,,,148,yes
841,Tongelre,North Brabant,NL,51.44889,5.51978,20653,68616,60,2561,2026-09-21,no,,,143,no
842,Lancy,Geneva,CH,46.18981,6.11441,20574,48926,58,4512,2026-09-20,no,,,139,no
843,Bürstadt,Hesse,DE,49.64266,8.45936,20557,27061,44,3796,2026-08-23,no,,,30,no
844,Gent,Flanders,BE,51.05,3.71667,20524,37453,71,1419,2026-09-27,no,,,128,no
845,Liège,Wallonia,BE,50.63373,5.56749,20518,29121,65,2826,2026-07-21,no,,,109,no
846,Bayeux,Normandy,FR,49.27732,-0.7039,20426,137544,62,2030,2026-09-13,no,,,149,yes
847,Onex,Geneva,CH,46.18396,6.10237,20356,48358,56,4512,2026-09-20,no,,,139,no
848,Bevere,Flanders,BE,50.8496,3.5873,20353,122528,69,1528,2026-05-29,no,,,144,no
849,Morningside,Ontario,CA,43.78727,-79.20636,20307,21120,37,1814,2026-08-20,yes,toronto--ontario--canada,15.7,63,no
850,Borgerhout,Flanders,BE,51.20957,4.43539,20262,25833,66,1984,2026-09-23,no,,,44,no
851,Etobicoke,Ontario,CA,43.64415,-79.56985,20246,30831,38,2583,2026-09-06,yes,toronto--ontario--canada,17.6,63,no
852,Worms,Rheinland-Pfalz,DE,49.63278,8.35916,20088,30004,48,3796,2026-08-23,no,,,30,no
853,Amiens,Hauts-de-France,FR,49.9,2.3,20048,254871,61,2057,2026-05-23,no,,,150,yes
854,Visé,Wallonia,BE,50.7376,5.69907,19852,22725,66,1288,2026-07-21,no,,,109,no
855,Nuenen,North Brabant,NL,51.47,5.55278,19793,66436,59,2561,2026-09-21,no,,,143,no
856,Gonesse,Île-de-France,FR,48.98693,2.44892,19781,46661,54,1831,2026-08-18,yes,paris--ile-de-france--france,16.6,151,yes
857,Olomouc,Olomouc Region,CZ,49.59552,17.25175,19743,19829,50,1523,2026-05-12,no,,,152,yes
858,Sapanca,Sakarya,TR,40.69141,30.26738,19730,19750,31,2568,2026-06-14,no,,,87,no
859,Maastricht,Limburg,NL,50.84833,5.68889,19545,22543,61,1107,2026-07-04,no,,,109,no
860,Oudenaarde,Flanders,BE,50.85168,3.60891,19534,115237,71,1528,2026-05-29,no,,,144,no
861,Dole,Bourgogne,FR,47.09225,5.48966,19497,42612,57,1833,2026-09-13,no,,,153,yes
862,East Millcreek,Utah,US,40.69995,-111.81049,19480,20049,24,5787,2025-10-28,yes,salt-lake-city--utah--united-states,12.6,127,no
863,Geraardsbergen,Flanders,BE,50.77343,3.88223,19476,53529,62,1518,2026-09-26,no,,,92,no
864,Moore,Oklahoma,US,35.33951,-97.4867,19474,19474,13,3118,2024-07-09,yes,oklahoma-city--oklahoma--united-states,16.0,71,no
865,Élancourt,Île-de-France,FR,48.78421,1.9552,19452,51556,59,2583,2026-05-27,no,,,48,no
866,Tekirdağ,Tekirdağ,TR,40.9781,27.51101,19440,19451,20,3478,2026-06-21,no,,,154,yes
867,Poppenbüttel,Hamburg,DE,53.65917,10.08472,19349,167978,71,5621,2026-07-28,no,,,98,no
868,Seraing,Wallonia,BE,50.58362,5.50115,19260,26982,64,2826,2026-09-12,no,,,136,no
869,Künzelsau,Baden-Wurttemberg,DE,49.2818,9.68352,19201,22520,30,2718,2026-04-03,no,,,155,yes
870,Bountiful,Utah,US,40.88939,-111.88077,19177,19181,16,2712,2025-09-14,yes,salt-lake-city--utah--united-states,13.0,18,no
871,Šabac,Central Serbia,RS,44.74667,19.69,19144,28637,28,2411,2025-07-18,no,,,156,yes
872,Geneva,Geneva,CH,46.20222,6.14569,19096,37983,59,4512,2026-09-20,no,,,139,no
873,Rottenburg,Baden-Wurttemberg,DE,48.47629,8.93528,19067,21824,43,1925,2026-06-17,no,,,75,no
874,Bemerode,Lower Saxony,DE,52.35,9.83333,18932,21972,45,6031,2026-08-21,no,,,106,no
875,Esslingen,Baden-Wurttemberg,DE,48.73961,9.30473,18810,25280,58,1821,2026-04-27,no,,,95,no
876,Bathurst Manor,Ontario,CA,43.76481,-79.45606,18748,18844,33,2250,2026-09-13,yes,toronto--ontario--canada,8.3,63,no
877,Hamme,Flanders,BE,51.09822,4.13705,18743,21064,62,1921,2026-04-15,no,,,44,no
878,Antwerp,Flanders,BE,51.22047,4.40026,18736,24289,63,1984,2026-08-10,no,,,44,no
879,Isernhagen Farster Bauerschaft,Lower Saxony,DE,52.47093,9.84179,18726,22460,40,6031,2026-08-10,no,,,106,no
880,Espoo,Uusimaa,FI,60.2052,24.6522,18710,68412,68,2037,2026-08-29,no,,,157,yes
881,João Monlevade,Minas Gerais,BR,-19.81,-43.17361,18702,46412,31,7260,2026-06-29,no,,,158,yes
882,Salon-de-Provence,Provence-Alpes-Côte d'Azur,FR,43.64229,5.09478,18614,185238,51,2365,2026-08-27,no,,,159,yes
883,Weinstadt-Endersbach,Baden-Wurttemberg,DE,48.81311,9.36387,18559,20249,48,1501,2026-03-17,no,,,95,no
884,Namur,Wallonia,BE,50.4669,4.86746,18511,23709,59,1205,2026-09-06,no,,,160,yes
885,Olari,Uusimaa,FI,60.17239,24.72713,18384,61406,57,2037,2026-08-29,no,,,157,no
886,Malvern,Ontario,CA,43.80938,-79.22344,18366,19034,36,1814,2026-08-20,yes,toronto--ontario--canada,16.0,63,no
887,Arlon,Wallonia,BE,49.68333,5.81667,18359,28474,59,2188,2026-08-15,no,,,161,yes
888,Glenfield-Jane Heights,Ontario,CA,43.74564,-79.51347,18308,19432,29,1709,2026-09-13,yes,toronto--ontario--canada,11.5,63,no
889,Plaisir,Île-de-France,FR,48.82319,1.9541,18263,44433,54,2583,2026-04-12,no,,,48,no
890,Mandelieu-la-Napoule,Provence-Alpes-Côte d'Azur,FR,43.54577,6.93734,18223,92111,40,1817,2026-09-16,no,,,162,yes
891,Niš,Central Serbia,RS,43.32472,21.90333,18136,40924,20,13269,2025-06-21,no,,,163,yes
892,Valjevo,Central Serbia,RS,44.27513,19.89821,18120,38656,33,5899,2026-03-06,no,,,164,yes
893,Eringate-Centennial-West Deane,Ontario,CA,43.65802,-79.58044,18098,28594,35,2583,2026-09-06,yes,toronto--ontario--canada,17.7,63,no
894,Üsküdar,Istanbul,TR,41.02274,29.01366,18056,20558,40,2827,2026-06-21,yes,istanbul--marmara-region--turkey,3.7,165,yes
895,Hayange,Grand Est,FR,49.32881,6.06278,18015,20101,54,2280,2026-08-28,no,,,132,no
896,Bourg-en-Bresse,Rhône-Alpes,FR,46.20574,5.2258,17965,33651,54,2641,2026-07-26,no,,,166,yes
897,Nürtingen,Baden-Wurttemberg,DE,48.62565,9.34203,17850,26684,57,1531,2026-09-03,no,,,75,no
898,Obrenovac,Central Serbia,RS,44.65486,20.20017,17837,45198,31,1877,2026-03-14,no,,,167,yes
899,Gebze,Kocaeli,TR,40.80276,29.43068,17836,18955,30,2754,2026-06-14,no,,,168,yes
900,Geldrop,North Brabant,NL,51.42167,5.55972,17823,62521,55,2561,2026-09-21,no,,,143,no
901,Gujan-Mestras,New Aquitaine,FR,44.636,-1.06815,17698,250797,47,4786,2025-10-01,no,,,148,no
902,Wiesloch,Baden-Wurttemberg,DE,49.29504,8.69846,17654,55229,62,6957,2026-09-23,no,,,123,no
903,Firminy,Rhône-Alpes,FR,45.38956,4.2886,17519,38071,42,12243,2026-09-11,no,,,89,no
904,Blois,Centre-Val de Loire,FR,47.59432,1.32912,17511,83544,65,2023,2026-09-26,no,,,169,yes
905,Millcreek,Utah,US,40.68689,-111.87549,17429,17997,25,5787,2025-10-28,yes,salt-lake-city--utah--united-states,10.7,127,no
906,Bettendorf,Iowa,US,41.52448,-90.51569,17413,17429,30,3936,2025-09-20,no,,,170,yes
907,Neckarsulm,Baden-Wurttemberg,DE,49.18912,9.22527,17321,18878,54,1946,2026-05-26,no,,,171,yes
908,Matinkylä,Uusimaa,FI,60.15885,24.74241,17315,57006,53,2037,2026-08-29,no,,,157,no
909,Mariakerke,Flanders,BE,51.07476,3.68289,17253,30648,67,1419,2026-09-27,no,,,128,no
910,Jambes,Wallonia,BE,50.45636,4.87166,17168,22133,59,1205,2026-09-06,no,,,160,no
911,Herstal,Wallonia,BE,50.66415,5.62346,17094,25424,63,1181,2026-07-21,no,,,109,no
912,Wondelgem,Flanders,BE,51.08705,3.70909,17094,28876,68,1419,2026-09-27,no,,,128,no
913,Chalon-sur-Saône,Bourgogne,FR,46.78112,4.85372,17054,53760,46,1862,2026-09-17,no,,,172,yes
914,Altona-Nord,Hamburg,DE,53.56321,9.94257,17021,403607,71,3462,2026-09-25,no,,,98,no
915,Uithoorn,North Holland,NL,52.2375,4.82639,16908,19588,39,6461,2026-03-29,yes,amsterdam--north-holland--netherlands,14.0,16,no
916,West Hill,Ontario,CA,43.76737,-79.1795,16875,17614,33,1814,2026-08-20,yes,toronto--ontario--canada,16.8,63,no
917,Remseck am Neckar,Baden-Wurttemberg,DE,48.87213,9.27334,16849,19779,52,1821,2026-02-11,no,,,95,no
918,Winnenden,Baden-Wurttemberg,DE,48.87563,9.39819,16807,17439,42,1753,2026-03-22,no,,,95,no
919,Pau,New Aquitaine,FR,43.31117,-0.35583,16777,114342,49,2459,2026-08-12,no,,,173,yes
920,Lille,Flanders,BE,51.24197,4.82313,16713,17290,64,1806,2026-09-23,no,,,140,no
921,Freilassing,Bavaria,DE,47.84085,12.98114,16673,16848,30,1881,2026-03-29,no,,,174,yes
922,Hillcrest Village,Ontario,CA,43.80486,-79.35442,16656,17546,33,1814,2026-09-13,yes,toronto--ontario--canada,9.9,63,no
923,Newtonbrook East,Ontario,CA,43.79154,-79.40594,16586,17183,33,1294,2026-09-13,yes,toronto--ontario--canada,8.6,63,no
924,Ludwigsburg,Baden-Wurttemberg,DE,48.89731,9.19161,16584,17900,53,3279,2026-05-06,no,,,95,no
925,Ottensen,Hamburg,DE,53.55686,9.91835,16580,383979,70,3462,2026-09-25,no,,,98,no
926,Harvestehude,Hamburg,DE,53.57825,9.98893,16566,418776,73,3462,2026-09-01,no,,,98,no
927,Bydgoszcz,Kujawsko-Pomorskie,PL,53.1235,18.00762,16516,16593,26,3256,2026-09-17,no,,,175,yes
928,Stellingen,Hamburg,DE,53.5922,9.9287,16508,381074,72,3462,2026-09-01,no,,,98,no
929,Schorndorf,Baden-Wurttemberg,DE,48.80537,9.52721,16492,18257,42,2097,2026-04-14,no,,,176,yes
930,Karlovac,Karlovac,HR,45.49167,15.55,16467,78789,47,2157,2026-08-02,no,,,177,yes
931,Vernon,Normandy,FR,49.09292,1.46332,16451,30271,48,4432,2026-08-04,no,,,178,yes
932,Nilüfer,Bursa Province,TR,40.21401,28.91567,16404,16854,22,2860,2026-06-07,no,,,104,no
933,Eimsbüttel,Hamburg,DE,53.57416,9.95679,16402,406589,72,3462,2026-09-01,no,,,98,no
934,Hamburg-Nord,Hamburg,DE,53.58935,9.984,16379,405709,70,3462,2026-09-01,no,,,98,no
935,Altona,Hamburg,DE,53.55,9.93333,16369,399524,70,3462,2026-09-25,no,,,98,no
936,Othmarschen,Hamburg,DE,53.55173,9.88632,16369,353124,70,3462,2026-09-25,no,,,98,no
937,Leppävaara,Uusimaa,FI,60.21283,24.81348,16310,57209,67,2037,2026-09-18,no,,,157,no
938,Rotherbaum,Hamburg,DE,53.56707,9.98097,16286,415869,70,3462,2026-09-01,no,,,98,no
939,Oslo,Oslo,NO,59.91273,10.74609,16285,28734,59,4452,2026-09-09,no,,,179,yes
940,Schwäbisch Gmünd,Baden-Wurttemberg,DE,48.79947,9.79809,16269,16727,44,2001,2026-05-03,no,,,176,no
941,Altona-Altstadt,Hamburg,DE,53.55018,9.94653,16231,412999,72,3462,2026-09-25,no,,,98,no
942,St. Pauli,Hamburg,DE,53.557,9.964,16231,408012,70,3462,2026-09-01,no,,,98,no
943,Neue Neustadt,Saxony-Anhalt,DE,52.15,11.63333,16197,16743,40,2008,2026-07-27,no,,,180,yes
944,Eppendorf,Hamburg,DE,53.5924,9.98752,16196,395975,69,3462,2026-09-01,no,,,98,no
945,Kikinda,Vojvodina,RS,45.82972,20.46528,16177,18516,11,6249,2025-02-15,no,,,181,yes
946,Albert Lea,Minnesota,US,43.64801,-93.36827,16158,29376,27,2754,2026-03-29,yes,alden--minnesota--united-states,16.9,182,yes
947,Hoheluft-Ost,Hamburg,DE,53.58399,9.97585,16136,409278,73,3462,2026-09-01,no,,,98,no
948,Lebbeke,Flanders,BE,51.00464,4.13457,16119,16839,71,947,2026-07-13,yes,brussels--belgium,24.4,44,no
949,Waghäusel,Baden-Wurttemberg,DE,49.24991,8.51257,16058,33424,57,2486,2026-09-26,no,,,123,no
950,York University Heights,Ontario,CA,43.76574,-79.48888,16053,16063,29,1709,2026-09-13,yes,toronto--ontario--canada,10.5,63,no
951,Dendermonde,Flanders,BE,51.02869,4.10106,15995,16950,67,971,2026-03-03,no,,,44,no
952,Belfort,Bourgogne,FR,47.64218,6.85385,15960,17833,60,861,2026-08-06,no,,,183,yes
953,Hamburg,Hamburg,DE,53.55073,9.99302,15919,418892,71,3462,2026-09-01,no,,,98,no
954,Sindelfingen,Baden-Wurttemberg,DE,48.7,9.01667,15898,21546,56,1840,2026-06-18,no,,,95,no
955,Pforzheim,Baden-Wurttemberg,DE,48.88436,8.69892,15845,36118,53,2797,2026-03-14,no,,,126,no
956,Indianola,Iowa,US,41.35805,-93.55744,15840,15840,12,1794,2024-06-27,yes,bevington--iowa--united-states,19.5,184,yes
957,Lurup,Hamburg,DE,53.59266,9.87697,15760,322562,70,3462,2026-09-25,no,,,98,no
958,Eidelstedt,Hamburg,DE,53.60697,9.90538,15744,336702,68,3462,2026-09-01,no,,,98,no
959,Ettlingen,Baden-Wurttemberg,DE,48.94094,8.40763,15703,141429,56,2647,2026-05-15,no,,,134,no
960,Böblingen,Baden-Wurttemberg,DE,48.68212,9.01171,15614,20034,51,1840,2026-06-18,no,,,95,no
961,Garbsen,Lower Saxony,DE,52.41371,9.5899,15612,16618,28,4478,2026-09-02,no,,,106,no
962,Seelze,Lower Saxony,DE,52.39635,9.59727,15612,16632,30,4478,2026-09-02,no,,,106,no
963,Lessines,Wallonia,BE,50.71104,3.83579,15612,43073,59,1518,2026-05-29,no,,,92,no
964,Andenne,Wallonia,BE,50.48941,5.09513,15611,21551,58,1691,2026-09-26,no,,,133,no
965,Deurne,Flanders,BE,51.22134,4.46595,15562,21139,63,1984,2026-09-23,no,,,44,no
966,Saint-Maximin-la-Sainte-Baume,Provence-Alpes-Côte d'Azur,FR,43.44813,5.86081,15515,22402,32,5350,2026-06-13,no,,,185,yes
967,La Rochelle,New Aquitaine,FR,46.16308,-1.15222,15478,31427,42,1705,2026-09-18,no,,,186,yes
968,Magdeburg,Saxony-Anhalt,DE,52.13129,11.63189,15468,16178,38,2008,2026-07-27,no,,,180,no
969,Fordon,Kujawsko-Pomorskie,PL,53.14821,18.17036,15466,15508,29,3256,2026-09-17,no,,,175,no
970,Leonberg,Baden-Wurttemberg,DE,48.8,9.01667,15342,20793,54,1840,2026-03-21,no,,,95,no
971,Bainbridge Island,Washington,US,47.62621,-122.52124,15311,25901,28,5350,2026-07-20,yes,seattle--washington--united-states,13.6,138,no
972,Newtonbrook West,Ontario,CA,43.78583,-79.43142,15302,15520,30,1709,2026-09-13,yes,toronto--ontario--canada,8.8,63,no
973,Steeles,Ontario,CA,43.81205,-79.33082,15140,16122,29,1814,2026-09-13,yes,toronto--ontario--canada,11.1,63,no
974,Risca,Wales,GB,51.60799,-3.10081,15035,15123,48,1347,2025-12-14,no,,,129,no
975,Milliken,Ontario,CA,43.82499,-79.29872,15024,15663,29,1814,2026-08-20,yes,toronto--ontario--canada,13.5,63,no
976,Merksem,Flanders,BE,51.24623,4.44903,15018,20637,64,1984,2026-08-10,no,,,187,yes
977,Göppingen,Baden-Wurttemberg,DE,48.70354,9.65209,14996,16509,49,2097,2026-05-22,no,,,176,no
978,Wörth am Rhein,Rheinland-Pfalz,DE,49.04888,8.25959,14989,71954,44,2012,2026-08-02,no,,,134,no
979,Niendorf,Hamburg,DE,53.61769,9.95032,14948,344704,68,3462,2026-09-01,no,,,98,no
980,Digne-les-Bains,Provence-Alpes-Côte d'Azur,FR,44.09252,6.23199,14848,27729,44,3215,2026-02-26,no,,,188,yes
981,Melun,Île-de-France,FR,48.5457,2.65356,14781,26132,61,3663,2026-09-18,no,,,73,no
982,Annonay,Rhône-Alpes,FR,45.23992,4.6707,14750,20312,47,3237,2026-09-23,no,,,189,yes
983,Bühl,Baden-Wurttemberg,DE,48.69676,8.13523,14705,29729,61,1197,2026-09-27,no,,,190,yes
984,Iowa City,Iowa,US,41.66113,-91.53017,14694,16123,28,3309,2025-12-22,yes,lone-tree--iowa--united-states,21.1,191,yes
985,Rüsselsheim am Main,Hesse,DE,49.98955,8.42251,14647,26624,55,2051,2026-05-03,no,,,192,yes
986,Midwest City,Oklahoma,US,35.44951,-97.3967,14634,14634,6,4488,2024-07-09,yes,nicoma-park--oklahoma--united-states,8.1,71,no
987,Limassol,Limassol,CY,34.68406,33.03794,14566,17718,29,2358,2026-05-31,no,,,193,yes
988,Cournon-d'Auvergne,Rhône-Alpes,FR,45.74123,3.19643,14550,300915,52,3281,2026-08-18,no,,,146,no
989,Holladay,Utah,US,40.66884,-111.82466,14532,15097,24,2246,2025-10-28,yes,salt-lake-city--utah--united-states,14.5,127,no
990,Westminster-Branson,Ontario,CA,43.77881,-79.45242,14521,14615,29,1709,2026-09-13,yes,toronto--ontario--canada,9.2,63,no
991,Avon,Île-de-France,FR,48.40219,2.72022,14467,21594,63,6337,2026-09-18,no,,,194,yes
992,Pisa,Tuscany,IT,43.70853,10.4036,14418,23568,49,2365,2025-12-31,no,,,100,no
993,Káto Polemídia,Limassol,CY,34.69721,32.99324,14388,17528,33,2358,2026-05-31,no,,,193,no
994,Le Mée-sur-Seine,Île-de-France,FR,48.53157,2.62829,14382,25091,57,3663,2026-09-18,no,,,73,no
995,Fontainebleau,Île-de-France,FR,48.40908,2.70177,14376,20984,60,6337,2026-09-18,no,,,194,no
996,Dunaújváros,Fejér,HU,46.96479,18.93974,14364,14858,23,5527,2025-09-10,no,,,195,yes
997,Zaječar,Central Serbia,RS,43.90358,22.26405,14362,53781,23,9634,2025-08-10,no,,,196,yes
998,Bad Kissingen,Bavaria,DE,50.20228,10.07784,14345,15889,33,3711,2026-04-24,no,,,94,no
999,Yingge,Taipei,TW,24.95608,121.3507,14240,51314,58,1325,2026-08-14,no,,,197,yes
1000,Zwijndrecht,Flanders,BE,51.21979,4.32664,14218,19230,50,1984,2026-08-10,no,,,44,no
1001,Brignoles,Provence-Alpes-Côte d'Azur,FR,43.4058,6.06172,14210,21234,40,2268,2026-06-13,no,,,185,no
1002,Gembloux,Wallonia,BE,50.56149,4.69889,14204,15770,48,1827,2026-09-06,no,,,160,no
1003,Zele,Flanders,BE,51.06566,4.0403,14165,16516,63,971,2026-02-04,no,,,128,no
1004,Maurepas,Île-de-France,FR,48.76486,1.92923,14161,42881,58,2454,2026-04-09,no,,,48,no
1005,Tonypandy,Wales,GB,51.62202,-3.45544,14062,14118,40,1617,2026-01-19,no,,,129,no
1006,Lens,Hauts-de-France,FR,50.43302,2.82791,14047,36166,58,4666,2026-08-02,no,,,198,yes
1007,Saint-Malo,Brittany,FR,48.64738,-2.00877,14032,68986,45,3595,2026-07-12,no,,,199,yes
1008,Tacoma,Washington,US,47.25288,-122.44429,14030,20832,28,3511,2026-07-28,yes,tacoma--washington--united-states,0.9,200,yes
1009,Halle (Saale),Saxony-Anhalt,DE,51.48158,11.97947,14011,35212,45,3562,2026-05-22,no,,,201,yes
1010,Halle-Neustadt,Saxony-Anhalt,DE,51.47924,11.91605,14011,33718,38,3562,2026-05-22,no,,,201,no
1011,Grivegnée,Wallonia,BE,50.62148,5.61101,14009,22265,59,2826,2026-07-21,no,,,136,no
1012,Frontignan,Occitanie,FR,43.44775,3.75524,13972,21703,40,1316,2026-09-23,no,,,202,yes
1013,Rhondda,Wales,GB,51.65896,-3.44885,13940,13993,43,1617,2026-01-19,no,,,129,no
1014,Merthyr Tydfil,Wales,GB,51.74794,-3.37779,13913,13984,47,1207,2025-12-14,no,,,129,no
1015,Taoyuan,Taiwan,TW,24.99368,121.29696,13873,50647,61,1325,2026-08-14,no,,,197,no
1016,Carpentras,Provence-Alpes-Côte d'Azur,FR,44.05507,5.04813,13849,218683,62,3261,2026-08-12,no,,,203,yes
1017,Wilhelmsburg,Hamburg,DE,53.49283,10.01372,13834,307316,70,3462,2026-09-01,no,,,98,no
1018,Schifferstadt,Rheinland-Pfalz,DE,49.38417,8.3775,13756,21831,48,3112,2026-07-18,no,,,30,no
1019,Best,North Brabant,NL,51.5075,5.39028,13747,44089,59,2561,2026-09-21,no,,,143,no
1020,Albertville,Rhône-Alpes,FR,45.67452,6.39061,13740,112294,55,3036,2026-07-30,no,,,204,yes
1021,Ginsheim-Gustavsburg,Hesse,DE,49.9711,8.34532,13669,23495,48,2051,2026-09-29,no,,,192,no
1022,Bastia,Corsica,FR,42.70219,9.45123,13639,29477,32,1317,2026-08-05,no,,,205,yes
1023,Speyer,Rheinland-Pfalz,DE,49.32083,8.43111,13502,27122,52,2486,2026-09-26,no,,,30,no
1024,Moline,Illinois,US,41.5067,-90.51513,13468,13484,24,3936,2025-09-20,no,,,170,no
1025,Osdorf,Hamburg,DE,53.57982,9.85826,13393,270254,71,3462,2026-09-25,no,,,98,no
1026,Germasógeia,Limassol,CY,34.72073,33.08447,13330,16921,25,2358,2026-05-31,no,,,193,no
1027,Achern,Baden-Wurttemberg,DE,48.63115,8.07607,13310,21935,58,1197,2026-09-27,no,,,190,no
1028,Owatonna,Minnesota,US,44.08385,-93.22604,13298,15236,18,6710,2026-03-29,no,,,206,yes
1029,Les Sables-d'Olonne,Pays de la Loire,FR,46.49687,-1.7847,13236,37751,32,1314,2026-09-14,no,,,207,yes
1030,Flörsheim,Hesse,DE,50.01311,8.42779,13229,23794,54,2051,2026-08-16,no,,,192,no
1031,Espoonlahti,Uusimaa,FI,60.15054,24.65307,13213,45250,47,1859,2026-08-29,no,,,157,no
1032,Hochheim am Main,Hesse,DE,50.01436,8.35218,13199,25431,56,2051,2026-09-29,no,,,192,no
1033,University Place,Washington,US,47.23565,-122.5504,13186,18878,24,3511,2026-07-28,yes,steilacoom--washington--united-states,8.0,200,no
1034,Châteaudun,Centre-Val de Loire,FR,48.07086,1.33783,13157,41538,46,1236,2026-08-01,no,,,208,yes
1035,Dammarie-les-Lys,Île-de-France,FR,48.51667,2.65,13139,23802,55,3663,2026-09-18,no,,,194,no
1036,Annemasse,Rhône-Alpes,FR,46.19439,6.23775,13137,29872,54,2843,2026-08-18,no,,,139,no
1037,Fitchburg,Wisconsin,US,42.96083,-89.46984,13091,16161,38,1733,2026-01-03,yes,madison--wisconsin--united-states,14.9,86,no
1038,Esztergom,Komárom-Esztergom,HU,47.7928,18.74148,13071,14122,37,3513,2026-08-16,no,,,209,yes
1039,Braine-le-Comte,Wallonia,BE,50.60979,4.14658,13058,17028,65,1425,2026-08-16,no,,,210,yes
1040,Sanxia,Taipei,TW,24.93448,121.37139,13043,44699,56,713,2026-08-14,no,,,197,no
1041,Germersheim,Rheinland-Pfalz,DE,49.2144,8.36687,12994,19976,53,2092,2026-09-26,no,,,211,yes
1042,Ćuprija,Central Serbia,RS,43.9275,21.37,12982,29390,15,3155,2025-11-20,no,,,212,yes
1043,Öhringen,Baden-Wurttemberg,DE,49.19884,9.5072,12976,14243,34,2242,2026-04-03,no,,,155,no
1044,Goussainville,Île-de-France,FR,49.01367,2.46595,12884,32794,46,1717,2026-08-18,yes,paris--ile-de-france--france,19.8,151,no
1045,Black Creek,Ontario,CA,43.76489,-79.52198,12843,12851,22,1709,2026-09-13,yes,toronto--ontario--canada,12.8,63,no
1046,Davenport,Iowa,US,41.52364,-90.57764,12791,12807,36,1139,2025-09-20,no,,,170,no
1047,Monaco,Municipality of Monaco,MC,43.73718,7.42145,12755,106351,37,2204,2025-12-05,no,,,213,yes
1048,Monte-Carlo,Municipality of Monaco,MC,43.73976,7.42732,12755,103338,37,2204,2025-12-05,no,,,213,no
1049,Sens,Bourgogne,FR,48.19738,3.28328,12726,49395,54,1139,2026-08-30,no,,,214,yes
1050,Bellingham,Washington,US,48.75955,-122.48822,12720,17803,41,1235,2025-08-18,yes,bellingham--washington--united-states,0.9,215,yes
1051,Cottonwood Heights,Utah,US,40.61967,-111.81021,12703,13019,19,2246,2025-10-10,yes,kearns--utah--united-states,16.8,127,no
1052,Sète,Occitanie,FR,43.4028,3.69278,12577,17554,31,1316,2026-09-23,no,,,202,no
1053,Maaseik,Flanders,BE,51.09802,5.78379,12507,17867,62,950,2026-05-21,no,,,216,yes
1054,Rouge,Ontario,CA,43.80406,-79.16571,12482,13685,30,1814,2026-08-20,yes,toronto--ontario--canada,19.5,217,yes
1055,Port Angeles,Washington,US,48.11815,-123.43074,12478,12506,13,4275,2026-02-15,yes,port-angeles--washington--united-states,6.5,218,yes
1056,Ajaccio,Corsica,FR,41.91886,8.73812,12462,105257,41,3045,2025-08-09,no,,,219,yes
1057,Ath,Wallonia,BE,50.62937,3.77801,12456,33157,60,1499,2026-07-18,no,,,144,no
1058,Seattle,Washington,US,47.60621,-122.33207,12446,18316,40,3055,2026-08-29,yes,seattle--washington--united-states,0.8,220,yes
1059,Naas,Leinster,IE,53.21583,-6.66694,12428,12432,21,1155,2026-07-05,no,,,221,yes
1060,Salzburg,State of Salzburg,AT,47.79941,13.04399,12320,12541,41,1881,2026-09-12,no,,,174,no
1061,Cardiff,Wales,GB,51.48,-3.18,12243,12863,42,1453,2026-01-29,no,,,222,yes
1062,Fürth,Bavaria,DE,49.47593,10.98856,12196,12741,29,4194,2026-08-08,no,,,223,yes
1063,Nijlen,Flanders,BE,51.16096,4.67008,12186,13043,58,2162,2026-07-27,no,,,140,no
1064,Evergem,Flanders,BE,51.11306,3.70976,12158,18594,63,1149,2026-09-27,no,,,128,no
1065,Immokalee,Florida,US,26.41869,-81.4173,12134,14171,10,9629,2026-08-18,no,,,224,yes
1066,Lisieux,Normandy,FR,49.1466,0.22925,12050,146326,67,985,2026-05-03,no,,,225,yes
1067,Wendlingen am Neckar,Baden-Wurttemberg,DE,48.67124,9.37632,12026,16210,48,1042,2026-04-27,no,,,95,no
1068,Heemstede,North Holland,NL,52.34992,4.62301,12018,44719,54,2763,2026-05-02,yes,amsterdam--north-holland--netherlands,19.1,16,no
1069,Kirchheim unter Teck,Baden-Wurttemberg,DE,48.64683,9.45378,11998,15524,48,1527,2026-04-27,no,,,176,no
1070,Bruchsal,Baden-Wurttemberg,DE,49.12426,8.59804,11994,23329,51,1676,2026-09-26,no,,,126,no
1071,Aberdare,Wales,GB,51.71438,-3.44918,11980,12068,48,1207,2025-08-10,no,,,129,no
1072,Lourdes,Occitanie,FR,43.09461,-0.04611,11978,17110,42,1900,2026-05-25,no,,,226,yes
1073,Celbridge,Leinster,IE,53.34165,-6.54419,11940,12786,25,3313,2026-08-14,no,,,221,no
1074,Worcester,England,GB,52.18935,-2.22001,11928,12238,29,2234,2026-04-03,no,,,227,yes
1075,Vernier,Geneva,CH,46.21702,6.08497,11927,70803,60,4512,2026-09-20,no,,,139,no
1076,Lochristi,Flanders,BE,51.09644,3.83194,11825,17106,62,1419,2026-09-27,no,,,128,no
1077,East Moline,Illinois,US,41.50087,-90.4443,11619,11635,17,3936,2025-09-20,no,,,170,no
1078,Peer,Flanders,BE,51.1303,5.45952,11581,11786,57,846,2026-05-08,no,,,80,no
1079,Tallaght,Leinster,IE,53.2859,-6.37344,11549,13958,40,3313,2026-07-05,no,,,228,yes
1080,Rastatt,Baden-Wurttemberg,DE,48.85851,8.20965,11506,47312,58,2316,2026-07-04,no,,,190,no
1081,Cholet,Pays de la Loire,FR,47.05893,-0.87974,11499,241621,50,1529,2026-08-21,no,,,229,yes
1082,Pitäjänmäki,Uusimaa,FI,60.22287,24.86103,11467,45824,66,2037,2026-09-18,no,,,157,no
1083,Mainz,Rheinland-Pfalz,DE,49.98185,8.28008,11455,20581,48,2051,2026-09-29,no,,,192,no
1084,Jagodina,Central Serbia,RS,43.97713,21.26121,11408,24695,12,1606,2025-11-20,no,,,212,no
1085,Millau,Occitanie,FR,44.09973,3.07848,11391,25469,48,2078,2026-08-15,no,,,230,yes
1086,Évreux,Normandy,FR,49.02414,1.15082,11336,250783,57,714,2026-09-24,no,,,231,yes
1087,Coralville,Iowa,US,41.6764,-91.58045,11303,13107,24,1724,2025-12-22,yes,lone-tree--iowa--united-states,24.6,191,no
1088,Mariana,Minas Gerais,BR,-20.37778,-43.41611,11268,11268,20,3586,2026-09-25,no,,,232,yes
1089,Saint-Lô,Normandy,FR,49.11624,-1.09031,11222,62162,67,2011,2026-08-18,no,,,233,yes
1090,Kloten,Zurich,CH,47.45152,8.58491,11159,52984,40,2761,2026-09-20,yes,zurich--zurich--switzerland,9.2,234,yes
1091,Mont-de-Marsan,New Aquitaine,FR,43.89022,-0.49713,11151,13186,39,2403,2026-04-22,no,,,235,yes
1092,Tainan,Taiwan,TW,22.99083,120.21333,11132,17187,47,1250,2026-06-19,yes,tainan--taiwan,22.3,236,yes
1093,Yilan,Taiwan,TW,24.757,121.753,11072,12414,33,2143,2026-09-11,no,,,237,yes
1094,Eislingen,Baden-Wurttemberg,DE,48.69515,9.70676,11071,11906,40,977,2026-05-22,no,,,176,no
1095,Nuremberg,Bavaria,DE,49.45421,11.07752,11000,11967,29,4194,2026-08-08,no,,,223,no
1096,Hansestadt Salzwedel,Saxony-Anhalt,DE,52.85297,11.15287,10934,11337,53,444,2026-09-19,no,,,238,yes
1097,Poitiers,New Aquitaine,FR,46.58261,0.34348,10926,62874,52,2555,2026-08-28,no,,,239,yes
1098,Munkkiniemi,Uusimaa,FI,60.19861,24.87772,10879,40256,57,2037,2026-08-29,no,,,157,no
1099,Droichead Nua,Leinster,IE,53.18194,-6.79667,10872,10881,18,801,2026-07-05,no,,,221,no
1100,Lokeren,Flanders,BE,51.10364,3.99339,10776,13173,58,971,2026-04-07,no,,,128,no
1101,Beerse,Flanders,BE,51.31927,4.85304,10725,10922,48,1399,2026-09-23,no,,,140,no
1102,Tournai,Wallonia,BE,50.60715,3.38932,10718,54275,46,3504,2026-06-27,no,,,240,yes
1103,Beveren,Flanders,BE,51.21187,4.25633,10691,13278,45,1984,2026-07-28,no,,,44,no
1104,Freudenstadt,Baden-Wurttemberg,DE,48.46695,8.41371,10687,10823,34,2000,2025-10-23,no,,,241,yes
1105,Kasterlee,Flanders,BE,51.24118,4.96651,10674,11015,60,1806,2026-09-23,no,,,140,no
1106,Hohenems,Vorarlberg,AT,47.36121,9.68694,10658,49579,46,1443,2026-04-19,no,,,242,yes
1107,Vrbas,Vojvodina,RS,45.57139,19.64083,10632,24968,19,2179,2025-01-06,no,,,243,yes
1108,Humbermede,Ontario,CA,43.7525,-79.54417,10630,11072,21,1481,2026-09-06,yes,toronto--ontario--canada,14.0,63,no
1109,Tatabánya,Komárom-Esztergom,HU,47.59247,18.38099,10592,10955,23,3584,2025-11-09,no,,,244,yes
1110,Tata,Komárom-Esztergom,HU,47.65289,18.31838,10592,11022,20,3584,2026-05-13,no,,,244,no
1111,Schwäbisch Hall,Baden-Wurttemberg,DE,49.11127,9.73908,10560,17153,46,3170,2026-04-03,no,,,155,no
1112,Lohr am Main,Bavaria,DE,49.98922,9.57223,10542,10650,16,2469,2026-04-24,no,,,245,yes
1113,Bensheim,Hesse,DE,49.68369,8.61839,10524,29677,49,3306,2026-09-19,no,,,246,yes
1114,Ranst,Flanders,BE,51.18983,4.56533,10515,12687,60,1552,2026-09-23,no,,,140,no
1115,Valence,Rhône-Alpes,FR,44.9256,4.90956,10509,73410,58,1312,2026-09-05,no,,,247,yes
1116,Backnang,Baden-Wurttemberg,DE,48.94743,9.43718,10452,14329,47,1753,2026-03-22,no,,,176,no
1117,Ploemeur,Brittany,FR,47.73512,-3.42952,10381,37235,42,3188,2026-08-21,no,,,248,yes
1118,Niederrad,Hesse,DE,50.08309,8.62852,10377,46453,62,1640,2026-08-16,no,,,192,no
1119,Zürich (Kreis 12),Zurich,CH,47.40372,8.57608,10361,112985,50,2761,2026-08-30,yes,zurich--zurich--switzerland,4.2,234,no
1120,Dübendorf,Zurich,CH,47.39724,8.61872,10345,86162,51,2761,2026-08-30,yes,zurich--zurich--switzerland,6.4,234,no
1121,Hummelsbüttel,Hamburg,DE,53.64773,10.04149,10335,214268,67,4697,2026-07-28,no,,,98,no
1122,Leipzig,Saxony,DE,51.33962,12.37129,10331,15365,48,1414,2026-04-03,no,,,249,yes
1123,Bourg-lès-Valence,Rhône-Alpes,FR,44.94703,4.89463,10302,72279,54,1312,2026-09-05,no,,,247,no
1124,Fontenay-le-Comte,Pays de la Loire,FR,46.46671,-0.80624,10198,31665,52,1062,2026-08-23,no,,,250,yes
1125,Futog,Vojvodina,RS,45.23874,19.71416,10194,29894,19,3315,2025-12-25,no,,,99,no
1126,Wangen,Baden-Wurttemberg,DE,47.6895,9.83247,10115,17243,46,2250,2026-03-24,no,,,251,yes
1127,Aix-les-Bains,Rhône-Alpes,FR,45.69173,5.90863,10108,95180,64,2152,2026-06-05,no,,,147,no
1128,Montbéliard,Bourgogne,FR,47.50957,6.79823,10105,14958,56,655,2026-09-30,no,,,183,no
1129,Cognac,New Aquitaine,FR,45.69581,-0.32867,10076,12449,40,945,2026-05-20,no,,,252,yes
1130,Portlaoise,Leinster,IE,53.03441,-7.29979,10054,10068,38,925,2026-07-03,no,,,253,yes
1131,Bad Reichenhall,Bavaria,DE,47.72947,12.87819,10039,10200,30,1656,2026-09-12,no,,,174,no
1132,Karlstadt,Bavaria,DE,49.96034,9.77239,10006,11316,26,2245,2026-07-14,no,,,245,no
1133,Favoriten,State of Vienna,AT,48.16116,16.38233,10000,31936,50,1529,2026-07-11,yes,vienna--state-of-vienna--austria,6.6,254,yes
1134,Opfikon,Zurich,CH,47.43169,8.57588,9996,96056,42,2761,2026-08-30,yes,zurich--zurich--switzerland,6.9,234,no
1135,Louviers,Normandy,FR,49.21667,1.16667,9989,21204,51,646,2026-04-08,no,,,255,yes
1136,Les Herbiers,Pays de la Loire,FR,46.87095,-1.0156,9988,46042,49,1039,2026-08-21,no,,,256,yes
1137,West Humber-Clairville,Ontario,CA,43.71619,-79.59636,9955,15299,20,1481,2026-09-06,yes,toronto--ontario--canada,17.7,63,no
1138,Murray,Utah,US,40.66689,-111.88799,9938,10505,22,1389,2025-10-28,yes,kearns--utah--united-states,10.0,127,no
1139,Eminönü,Istanbul,TR,41.01754,28.97101,9898,11937,34,1371,2026-06-21,yes,istanbul--marmara-region--turkey,1.3,165,no
1140,Zürich (Kreis 7),Zurich,CH,47.37328,8.58038,9891,119353,59,2761,2026-08-30,yes,zurich--zurich--switzerland,3.0,234,no
1141,Frankfurt am Main,Hesse,DE,50.11552,8.68417,9872,53990,61,1669,2026-03-01,no,,,257,yes
1142,Gallus,Hesse,DE,50.10038,8.6295,9868,50186,62,1640,2026-08-16,no,,,192,no
1143,Pfungstadt,Hesse,DE,49.80557,8.60307,9856,33605,56,2712,2026-09-19,no,,,246,no
1144,Turnhout,Flanders,BE,51.32254,4.94471,9836,10003,48,1347,2026-09-23,no,,,140,no
1145,Mössingen,Baden-Wurttemberg,DE,48.40567,9.05419,9826,10068,36,1091,2026-08-02,no,,,75,no
1146,Rock Island,Illinois,US,41.50948,-90.57875,9769,9785,31,1139,2025-09-20,no,,,170,no
1147,Keelung,Taiwan,TW,25.13089,121.74094,9745,17258,40,1070,2026-06-13,yes,taipei--taiwan,18.8,258,yes
1148,Ebbw Vale,Wales,GB,51.77714,-3.20792,9717,9775,40,1078,2025-12-14,no,,,129,no
1149,Reinbek,Schleswig-Holstein,DE,53.51773,10.24861,9714,63629,57,1483,2026-08-09,no,,,98,no
1150,Zürich (Kreis 11) / Oerlikon,Zurich,CH,47.40823,8.54258,9707,123846,46,2761,2026-08-30,yes,zurich--zurich--switzerland,3.8,234,no
1151,Zürich (Kreis 11) / Seebach,Zurich,CH,47.42181,8.54779,9707,115597,42,2761,2026-08-30,yes,zurich--zurich--switzerland,5.3,234,no
1152,Görükle,Bursa Province,TR,40.23114,28.84017,9662,10105,15,1969,2026-06-07,no,,,104,no
1153,Şişli,Istanbul,TR,41.06046,28.98717,9661,12008,34,1371,2026-06-21,yes,istanbul--marmara-region--turkey,6.1,165,no
1154,Córdoba,Cordoba,AR,-31.40648,-64.18853,9606,9627,48,1110,2026-08-22,no,,,259,yes
1155,Bade,Taiwan,TW,24.92981,121.28372,9578,37098,54,610,2026-08-14,no,,,197,no
1156,Niort,New Aquitaine,FR,46.32313,-0.45877,9499,34136,50,1614,2026-08-28,no,,,260,yes
1157,Freiberg am Neckar,Baden-Wurttemberg,DE,48.93196,9.2024,9489,10739,48,1463,2026-05-06,no,,,95,no
1158,Zürich,Zurich,CH,47.36667,8.55,9481,134864,61,2761,2026-08-30,yes,zurich--zurich--switzerland,1.1,234,no
1159,Zürich (Kreis 6),Zurich,CH,47.39223,8.54381,9481,129808,53,2761,2026-08-30,yes,zurich--zurich--switzerland,2.0,234,no
1160,Zürich (Kreis 6) / Unterstrass,Zurich,CH,47.3953,8.53721,9481,129142,50,2761,2026-08-30,yes,zurich--zurich--switzerland,2.3,234,no
1161,Zürich (Kreis 10) / Wipkingen,Zurich,CH,47.39503,8.52529,9481,134830,50,2761,2026-08-30,yes,zurich--zurich--switzerland,2.6,234,no
1162,Zürich (Kreis 8),Zurich,CH,47.3548,8.56097,9481,129409,60,2761,2026-08-30,yes,zurich--zurich--switzerland,2.7,234,no
1163,Hranice,Olomouc Region,CZ,49.54796,17.73469,9464,9509,45,753,2026-05-04,no,,,261,yes
1164,Hattersheim,Hesse,DE,50.06906,8.48632,9458,21723,58,1640,2026-08-16,no,,,192,no
1165,Loznica,Central Serbia,RS,44.53118,19.24267,9434,13502,24,1237,2025-07-18,no,,,262,yes
1166,Schoten,Flanders,BE,51.25251,4.50268,9433,13764,61,1552,2026-08-10,no,,,187,no
1167,Stephenville,Texas,US,32.2207,-98.20226,9417,9417,11,2517,2025-03-10,no,,,263,yes
1168,Péruwelz,Wallonia,BE,50.50819,3.59373,9346,39387,57,951,2026-06-27,no,,,124,no
1169,Chaudfontaine,Wallonia,BE,50.5828,5.6341,9334,16021,54,2826,2026-07-21,no,,,136,no
1170,Zirndorf,Bavaria,DE,49.4424,10.95414,9251,9680,25,4194,2026-08-08,no,,,223,no
1171,Horb am Neckar,Baden-Wurttemberg,DE,48.44423,8.6913,9251,14680,35,1602,2025-12-23,no,,,264,yes
1172,Longfellow Community,Minnesota,US,44.94256,-93.22557,9220,56994,57,723,2026-05-04,yes,minneapolis--minnesota--united-states,5.0,265,yes
1173,Vendôme,Centre-Val de Loire,FR,47.79292,1.06556,9160,58479,57,818,2026-08-01,no,,,266,yes
1174,Herve,Wallonia,BE,50.64083,5.79353,9142,12709,58,851,2026-07-18,no,,,136,no
1175,Simmering,State of Vienna,AT,48.18333,16.43333,9119,31607,48,1529,2026-07-11,yes,vienna--state-of-vienna--austria,5.7,254,no
1176,Pančevo,Vojvodina,RS,44.87177,20.64167,9108,18940,14,3270,2026-03-06,yes,belgrade--city-of-belgrade--serbia,18.4,40,no
1177,Neerpelt,Flanders,BE,51.22807,5.4427,9079,13204,63,563,2026-08-07,no,,,267,yes
1178,Ekeren,Flanders,BE,51.28087,4.41813,9024,13247,55,1984,2026-08-10,no,,,187,no
1179,Zürich (Kreis 11),Zurich,CH,47.42326,8.52166,9011,118415,45,2761,2026-08-30,yes,zurich--zurich--switzerland,5.6,234,no
1180,Zürich (Kreis 10),Zurich,CH,47.40773,8.5005,9011,131486,50,2761,2026-08-30,yes,zurich--zurich--switzerland,4.8,234,no
1181,Zürich (Kreis 4) / Aussersihl,Zurich,CH,47.37752,8.52127,9011,138114,54,2761,2026-08-30,yes,zurich--zurich--switzerland,1.5,234,no
1182,Zürich (Kreis 3) / Sihlfeld,Zurich,CH,47.37382,8.51164,9011,141515,53,2761,2026-08-30,yes,zurich--zurich--switzerland,2.2,234,no
1183,Zürich (Kreis 11) / Affoltern,Zurich,CH,47.41814,8.5122,9011,127271,45,2761,2026-08-30,yes,zurich--zurich--switzerland,5.3,234,no
1184,Zürich (Kreis 10) / Höngg,Zurich,CH,47.40313,8.4971,9011,136511,50,2761,2026-08-30,yes,zurich--zurich--switzerland,4.6,234,no
1185,Neili,Taiwan,TW,24.9725,121.26139,8996,32184,56,602,2026-08-14,no,,,197,no
1186,Myyrmäki,Uusimaa,FI,60.26711,24.84713,8996,32059,54,2037,2026-09-29,no,,,157,no
1187,Geleen,Limburg,NL,50.97417,5.82917,8953,22453,62,2123,2026-06-18,no,,,216,no
1188,Agde,Occitanie,FR,43.31083,3.47583,8927,84137,41,1146,2026-09-23,no,,,268,yes
1189,Lucan,Leinster,IE,53.35736,-6.44859,8874,11390,35,3313,2026-08-14,no,,,228,no
1190,Carcassonne,Occitanie,FR,43.21649,2.34863,8861,13886,45,766,2026-06-02,no,,,269,yes
1191,Bexley,England,GB,51.44162,0.14866,8825,10096,57,2181,2026-08-02,yes,london--england--united-kingdom,17.2,270,yes
1192,Chislehurst,England,GB,51.41709,0.06858,8812,9981,52,2181,2026-09-27,yes,london--england--united-kingdom,13.5,270,no
1193,Willesden,England,GB,51.53333,-0.23333,8803,23786,54,2079,2026-08-04,yes,london--england--united-kingdom,11.2,271,yes
1194,Eltham,England,GB,51.45061,0.05225,8798,11689,54,2181,2026-09-27,yes,london--england--united-kingdom,10.6,270,no
1195,Columbia City,Washington,US,47.56399,-122.2754,8777,12581,40,3055,2026-08-09,yes,seattle--washington--united-states,7.0,220,no
1196,Harlesden,England,GB,51.53811,-0.2502,8772,21228,51,2079,2026-08-26,yes,london--england--united-kingdom,12.5,271,no
1197,Oberasbach,Bavaria,DE,49.42275,10.95766,8740,9163,24,4194,2026-08-08,no,,,223,no
1198,Lauttasaari,Uusimaa,FI,60.15896,24.86797,8739,24888,44,2037,2026-07-14,no,,,157,no
1199,Prairie Village,Kansas,US,38.99167,-94.63357,8736,8897,7,2563,2025-06-29,yes,kansas-city--missouri--united-states,12.2,82,no
1200,Malgrat de Mar,Catalonia,ES,41.64662,2.74135,8717,9696,27,3309,2025-11-25,no,,,272,yes
1201,Béziers,Occitanie,FR,43.34122,3.21402,8716,19456,52,932,2026-08-08,no,,,273,yes
1202,Eberbach,Baden-Wurttemberg,DE,49.4668,8.99016,8712,8773,21,1093,2025-09-12,no,,,274,yes
1203,Brent,England,GB,51.55306,-0.3023,8692,18425,44,2079,2026-08-26,yes,london--england--united-kingdom,16.4,271,no
1204,Wembley,England,GB,51.55242,-0.29686,8692,18515,46,2079,2026-08-26,yes,london--england--united-kingdom,16.1,271,no
1205,La Flèche,Pays de la Loire,FR,47.69815,-0.07553,8683,23087,42,1143,2025-08-04,no,,,275,yes
1206,Hausbruch,Hamburg,DE,53.47424,9.88289,8670,182430,73,3462,2026-09-25,no,,,276,yes
1207,Avion,Hauts-de-France,FR,50.41038,2.83053,8610,15882,55,2823,2026-08-02,no,,,198,no
1208,Liévin,Hauts-de-France,FR,50.4198,2.78068,8601,15249,55,2823,2026-08-02,no,,,198,no
1209,Tordera,Catalonia,ES,41.69914,2.71888,8566,10179,38,3309,2025-11-25,no,,,272,no
1210,Zürich (Kreis 3),Zurich,CH,47.35785,8.50296,8561,143173,53,2761,2026-08-30,yes,zurich--zurich--switzerland,3.4,234,no
1211,Zürich (Kreis 9),Zurich,CH,47.38245,8.47993,8561,143393,56,2761,2026-08-30,yes,zurich--zurich--switzerland,4.7,234,no
1212,Zürich (Kreis 2),Zurich,CH,47.33756,8.5211,8561,144313,59,2761,2026-08-30,yes,zurich--zurich--switzerland,4.4,234,no
1213,Zürich (Kreis 9) / Altstetten,Zurich,CH,47.38946,8.48533,8561,139904,52,2761,2026-08-30,yes,zurich--zurich--switzerland,4.5,234,no
1214,Zürich (Kreis 9) / Albisrieden,Zurich,CH,47.37398,8.49007,8561,141943,54,2761,2026-08-30,yes,zurich--zurich--switzerland,3.8,234,no
1215,Zürich (Kreis 2) / Wollishofen,Zurich,CH,47.3401,8.53134,8561,144569,59,2761,2026-08-30,yes,zurich--zurich--switzerland,3.9,234,no
1216,Gemlik,Bursa Province,TR,40.43094,29.15969,8533,9840,22,1981,2026-06-07,no,,,277,yes
1217,Yongkang,Taiwan,TW,23.02444,120.25556,8524,12533,33,1250,2026-06-19,yes,tainan--taiwan,16.8,236,no
1218,Mühlacker,Baden-Wurttemberg,DE,48.94754,8.83675,8515,12026,35,1148,2026-03-14,no,,,126,no
1219,Plumstead,England,GB,51.48333,0.08333,8513,11189,54,2181,2026-09-27,yes,london--england--united-kingdom,11.9,270,no
1220,Welling,England,GB,51.46246,0.10759,8494,10044,52,2181,2026-09-27,yes,london--england--united-kingdom,13.9,270,no
1221,West Ealing,England,GB,51.51355,-0.3229,8476,18880,42,2079,2026-08-26,yes,london--england--united-kingdom,16.5,271,no
1222,Menton,Provence-Alpes-Côte d'Azur,FR,43.77649,7.50435,8474,70668,33,2204,2026-01-30,no,,,213,no
1223,Abbey Wood,England,GB,51.48688,0.10747,8463,10568,54,2181,2026-09-27,yes,london--england--united-kingdom,13.6,270,no
1224,Neu-Isenburg,Hesse,DE,50.04832,8.69406,8462,33402,54,1322,2026-03-01,no,,,257,no
1225,Châteauroux,Centre-Val de Loire,FR,46.81248,1.69362,8449,12669,37,1154,2026-06-11,no,,,278,yes
1226,Wavre,Wallonia,BE,50.71717,4.60138,8440,9611,52,1150,2026-08-29,yes,brussels--belgium,21.5,34,no
1227,Danshui,Taipei,TW,25.17196,121.4429,8403,25087,40,1050,2026-06-28,yes,taipei--taiwan,15.3,57,no
1228,Pineda de Mar,Catalonia,ES,41.62763,2.6889,8400,9607,27,3309,2026-03-04,no,,,272,no
1229,Royan,New Aquitaine,FR,45.62811,-1.03153,8395,25603,43,1217,2026-08-01,no,,,279,yes
1230,Acton,England,GB,51.50901,-0.2762,8356,20500,51,2079,2026-08-26,yes,london--england--united-kingdom,13.2,271,no
1231,Istanbul,Istanbul,TR,41.01384,28.94966,8317,10053,31,1371,2026-06-21,yes,istanbul--marmara-region--turkey,2.4,165,no
1232,Heppenheim an der Bergstrasse,Hesse,DE,49.64145,8.63206,8291,32434,53,3306,2026-09-19,no,,,246,no
1233,Challans,Pays de la Loire,FR,46.8458,-1.87942,8283,68931,55,883,2026-05-11,no,,,280,yes
1234,Hattingen,North Rhine-Westphalia,DE,51.39894,7.18557,8278,26480,56,1400,2026-09-25,no,,,281,yes
1235,Venado Tuerto,Santa Fe,AR,-33.74585,-61.96711,8271,8272,24,2544,2026-05-30,no,,,282,yes
1236,Ealing Common,England,GB,51.50686,-0.29546,8262,19469,49,2079,2026-08-26,yes,london--england--united-kingdom,14.5,271,no
1237,Thamesmead,England,GB,51.50372,0.11982,8239,9850,48,2181,2026-08-02,yes,london--england--united-kingdom,14.5,270,no
1238,South Dublin,Leinster,IE,53.29026,-6.34151,8224,11624,41,3313,2026-06-12,no,,,228,no
1239,Chiswick,England,GB,51.49271,-0.25801,8222,21607,56,2079,2026-08-26,yes,london--england--united-kingdom,11.8,271,no
1240,Ouro Preto,Minas Gerais,BR,-20.39484,-43.50517,8217,8217,13,3586,2026-09-25,no,,,232,no
1241,Mörfelden-Walldorf,Hesse,DE,49.99472,8.58361,8198,19357,51,1640,2026-05-03,no,,,192,no
1242,Sandy Hills,Utah,US,40.58106,-111.85077,8194,8198,12,2246,2025-09-01,yes,kearns--utah--united-states,15.2,283,yes
1243,Sprockhövel,North Rhine-Westphalia,DE,51.34669,7.24343,8160,15664,56,1400,2026-09-25,no,,,281,no
1244,Greenford,England,GB,51.52866,-0.35508,8157,17691,39,2079,2026-08-26,yes,london--england--united-kingdom,19.0,271,no
1245,Southall,England,GB,51.50896,-0.3713,8152,18230,40,2079,2026-08-26,yes,london--england--united-kingdom,19.7,271,no
1246,Meidling,State of Vienna,AT,48.16667,16.33333,8149,30166,48,1529,2026-07-11,yes,vienna--state-of-vienna--austria,6.9,254,no
1247,Shepherds Bush,England,GB,51.505,-0.2211,8140,25612,58,2079,2026-08-04,yes,london--england--united-kingdom,9.4,271,no
1248,Coudekerque-Branche,Hauts-de-France,FR,51.02288,2.39359,8139,17755,49,1432,2026-09-10,no,,,284,yes
1249,Auburn,Washington,US,47.30732,-122.22845,8115,9292,44,1054,2026-08-19,yes,tacoma--washington--united-states,17.3,200,no
1250,Kaarela,Uusimaa,FI,60.25174,24.88111,8112,31765,62,2037,2026-09-29,no,,,157,no
1251,Isleworth,England,GB,51.47518,-0.34246,8106,19824,45,2079,2026-08-26,yes,london--england--united-kingdom,17.7,271,no
1252,Heston,England,GB,51.48363,-0.37577,8094,18627,40,2079,2026-08-26,yes,london--england--united-kingdom,19.9,271,no
1253,Přerov,Olomouc Region,CZ,49.45511,17.4509,8071,8082,41,769,2026-05-05,no,,,285,yes
1254,Richmond,England,GB,51.46171,-0.30633,8066,19926,48,2079,2026-08-26,yes,london--england--united-kingdom,15.4,271,no
1255,Calella,Catalonia,ES,41.61381,2.65423,8059,8913,23,3309,2026-03-04,no,,,272,no
1256,Barnes,England,GB,51.47352,-0.24839,7987,19715,54,2079,2026-08-04,yes,london--england--united-kingdom,11.2,271,no
1257,Ebersbach an der Fils,Baden-Wurttemberg,DE,48.716,9.5236,7985,10062,41,1022,2026-04-27,no,,,176,no
1258,Haderslev,South Denmark,DK,55.24943,9.48771,7961,10958,48,479,2026-07-01,no,,,286,yes
1259,Eschborn,Hesse,DE,50.14328,8.57111,7957,38152,59,1640,2026-08-16,no,,,257,no
1260,Tarabya,Istanbul,TR,41.13361,29.04639,7953,10720,32,1371,2026-06-22,yes,istanbul--marmara-region--turkey,15.3,165,no
1261,Blansko,South Moravian,CZ,49.36304,16.64446,7933,8002,52,1951,2026-07-18,no,,,64,no
1262,Bad Vilbel,Hesse,DE,50.17866,8.73756,7931,46004,58,1669,2025-10-17,no,,,257,no
1263,Innsbruck,Tyrol,AT,47.26266,11.39454,7912,13345,31,4084,2026-10-01,no,,,287,yes
1264,Hötting,Tyrol,AT,47.26815,11.36868,7912,13002,28,4084,2026-10-01,no,,,287,no
1265,Pradl,Tyrol,AT,47.26539,11.4152,7912,12721,31,4084,2026-10-01,no,,,287,no
1266,Wilten,Tyrol,AT,47.25829,11.38808,7912,13343,31,4084,2026-10-01,no,,,287,no
1267,Margareten,State of Vienna,AT,48.1855,16.35373,7892,29748,52,1529,2026-09-15,yes,vienna--state-of-vienna--austria,4.3,254,no
1268,Riedstadt,Hesse,DE,49.83411,8.49621,7843,17684,42,975,2026-05-03,no,,,192,no
1269,Mercer Island,Washington,US,47.57065,-122.22207,7826,11470,37,3055,2026-08-09,yes,seattle--washington--united-states,9.9,220,no
1270,Landstraße,State of Vienna,AT,48.2019,16.38792,7814,31007,53,1529,2026-09-15,yes,vienna--state-of-vienna--austria,2.1,254,no
1271,Offenbach,Hesse,DE,50.10061,8.76647,7797,45080,56,1669,2026-04-12,no,,,257,no
1272,Markkleeberg,Saxony,DE,51.2755,12.36906,7796,12742,42,1414,2026-04-03,no,,,249,no
1273,Blanes,Catalonia,ES,41.67419,2.79036,7782,8803,29,3309,2025-08-13,no,,,272,no
1274,Haaga,Uusimaa,FI,60.22132,24.89759,7773,33871,67,2037,2026-09-29,no,,,157,no
1275,Berlin,State of Berlin,DE,52.52437,13.41053,7760,67543,60,2451,2026-07-07,yes,berlin--state-of-berlin--germany,2.2,288,yes
1276,Mitte,State of Berlin,DE,52.52003,13.40489,7760,67548,61,2451,2026-07-07,yes,berlin--state-of-berlin--germany,2.0,288,no
1277,Fatih,Istanbul,TR,41.0225,28.94083,7753,9487,30,1371,2026-06-21,yes,istanbul--marmara-region--turkey,3.4,165,no
1278,Hounslow,England,GB,51.46839,-0.36092,7749,19375,42,2079,2026-08-26,yes,london--england--united-kingdom,19.0,271,no
1279,Derince,Kocaeli,TR,40.75694,29.81472,7692,8322,22,909,2026-08-02,no,,,289,yes
1280,Geislingen an der Steige,Baden-Wurttemberg,DE,48.62423,9.82736,7688,7788,26,908,2026-04-12,no,,,290,yes
1281,Villeneuve-sur-Lot,New Aquitaine,FR,44.40854,0.70415,7688,98284,47,1047,2026-08-02,no,,,291,yes
1282,Vierzon,Centre-Val de Loire,FR,47.22186,2.0684,7682,14654,40,1174,2026-07-21,no,,,292,yes
1283,Notting Hill,England,GB,51.5115,-0.20587,7676,25260,60,2079,2026-08-04,yes,london--england--united-kingdom,8.5,271,no
1284,Minneapolis,Minnesota,US,44.97997,-93.26384,7670,46420,53,723,2026-05-04,yes,minneapolis--minnesota--united-states,0.3,265,no
1285,Santa Helena de Goiás,Goiás,BR,-17.81361,-50.59694,7669,7669,27,3204,2026-05-26,no,,,293,yes
1286,Zrenjanin,Vojvodina,RS,45.38361,20.38194,7646,12136,26,1372,2025-02-15,no,,,294,yes
1287,Seeheim-Jugenheim,Hesse,DE,49.765,8.65194,7637,30380,54,2712,2026-09-19,no,,,246,no
1288,Illertissen,Bavaria,DE,48.22336,10.10347,7636,9465,27,861,2026-09-08,no,,,295,yes
1289,Mount Olive-Silverstone-Jamestown,Ontario,CA,43.74687,-79.58726,7619,8332,14,1481,2026-09-06,yes,toronto--ontario--canada,17.3,63,no
1290,Smederevo,Central Serbia,RS,44.66436,20.92763,7602,31567,20,1818,2025-12-23,no,,,296,yes
1291,Federal Way,Washington,US,47.32232,-122.31262,7550,9466,34,1054,2026-08-19,yes,tacoma--washington--united-states,12.8,200,no
1292,Osijek,County of Osijek-Baranja,HR,45.55066,18.6942,7544,35759,28,1154,2026-08-16,no,,,297,yes
1293,Roses,Catalonia,ES,42.26199,3.17689,7533,14327,37,903,2026-06-09,no,,,298,yes
1294,Alès,Occitanie,FR,44.12489,4.08082,7506,58559,56,733,2026-07-06,no,,,299,yes
1295,Velsen-Zuid,North Holland,NL,52.46,4.65,7482,7888,43,2763,2025-09-05,yes,amsterdam--north-holland--netherlands,20.8,16,no
1296,Körfez,Kocaeli,TR,40.76704,29.78275,7478,8066,18,909,2026-08-02,no,,,289,no
1297,Blackheath,England,GB,51.4647,0.0079,7476,14789,57,2181,2026-09-27,yes,london--england--united-kingdom,7.2,270,no
1298,Droitwich,England,GB,52.26667,-2.15,7475,7548,23,2234,2026-04-03,no,,,227,no
1299,Rosario,Santa Fe,AR,-32.94682,-60.63932,7472,7928,42,1179,2026-09-19,no,,,300,yes
1300,Bayswater,England,GB,51.51116,-0.18426,7470,24642,63,2079,2026-08-04,yes,london--england--united-kingdom,7.1,271,no
1301,Marbach am Neckar,Baden-Wurttemberg,DE,48.93964,9.25995,7431,8656,45,1219,2026-05-06,no,,,95,no
1302,Mariahilf,State of Vienna,AT,48.19571,16.35215,7415,29496,50,1529,2026-09-15,yes,vienna--state-of-vienna--austria,3.4,254,no
1303,Villa Allende,Cordoba,AR,-31.29368,-64.2977,7414,7484,27,828,2026-08-22,no,,,259,no
1304,Northolt,England,GB,51.54855,-0.36778,7403,15304,33,2079,2026-08-26,yes,london--england--united-kingdom,20.4,271,no
1305,Harburg,Hamburg,DE,53.46057,9.98388,7399,162357,73,3462,2026-08-30,no,,,98,no
1306,Baiersbronn,Baden-Wurttemberg,DE,48.50318,8.37699,7393,7550,33,2000,2026-07-04,no,,,241,no
1307,Riom,Rhône-Alpes,FR,45.89362,3.11264,7392,93913,57,2639,2026-06-11,no,,,146,no
1308,Lanester,Brittany,FR,47.76316,-3.3393,7362,45229,56,780,2026-06-23,no,,,248,no
1309,Kent,Washington,US,47.38093,-122.23484,7339,9274,42,1054,2026-08-09,yes,tacoma--washington--united-states,21.5,301,yes
1310,Wendelstein,Bavaria,DE,49.3523,11.15069,7331,11261,40,889,2026-04-04,no,,,223,no
1311,Schnelsen,Hamburg,DE,53.63738,9.91973,7326,230835,68,2232,2026-08-30,no,,,98,no
1312,Wedding,State of Berlin,DE,52.54734,13.35594,7322,79022,63,2451,2026-07-07,yes,berlin--state-of-berlin--germany,6.5,288,no
1313,Río Ceballos,Cordoba,AR,-31.1697,-64.3175,7310,7314,25,846,2026-08-17,no,,,302,yes
1314,Romans-sur-Isère,Rhône-Alpes,FR,45.0496,5.06602,7300,32371,55,904,2026-09-05,no,,,247,no
1315,Aalen,Baden-Wurttemberg,DE,48.83777,10.0933,7273,7674,33,1453,2026-03-19,no,,,303,yes
1316,Alençon,Normandy,FR,48.43476,0.09311,7271,7472,51,1186,2026-06-10,no,,,304,yes
1317,Puerto Montt,Los Lagos Region,CL,-41.4693,-72.94237,7258,7258,20,863,2026-02-26,no,,,305,yes
1318,Bellevue,Washington,US,47.61038,-122.20068,7250,10374,32,3055,2026-09-17,yes,kirkland--washington--united-states,7.4,220,no
1319,Lorient,Brittany,FR,47.74817,-3.37177,7226,39213,52,780,2026-06-23,no,,,248,no
1320,Montluçon,Rhône-Alpes,FR,46.34015,2.60254,7216,25889,34,1386,2026-07-13,no,,,306,yes
1321,Greven,North Rhine-Westphalia,DE,52.09364,7.59396,7209,7596,47,797,2025-05-06,no,,,307,yes
1322,Aurillac,Rhône-Alpes,FR,44.92539,2.43983,7209,25309,51,1005,2026-08-29,no,,,308,yes
1323,Cricklewood,England,GB,51.5567,-0.21549,7187,17927,49,2079,2026-08-04,yes,london--england--united-kingdom,11.6,271,no
1324,Louvain-la-Neuve,Wallonia,BE,50.66829,4.61443,7168,8391,51,890,2025-11-02,no,,,309,yes
1325,Rosignano Solvay-Castiglioncello,Tuscany,IT,43.38946,10.43615,7158,22019,29,1368,2025-12-13,no,,,100,no
1326,Meiderich,North Rhine-Westphalia,DE,51.46667,6.76667,7152,10194,56,1626,2026-07-05,no,,,310,yes
1327,Gesundbrunnen,State of Berlin,DE,52.55035,13.39139,7151,68300,63,2451,2026-07-07,yes,berlin--state-of-berlin--germany,5.3,288,no
1328,Daxi,Taiwan,TW,24.88373,121.29043,7142,29780,44,525,2026-08-14,no,,,197,no
1329,Greenwich,England,GB,51.47785,-0.01176,7140,16402,60,2181,2026-09-27,yes,london--england--united-kingdom,5.4,270,no
1330,Markham,Ontario,CA,43.86682,-79.2663,7123,7336,16,1129,2026-07-26,yes,toronto--ontario--canada,18.8,217,no
1331,Gürsu,Bursa Province,TR,40.21876,29.19487,7104,7115,9,1823,2026-06-07,no,,,104,no
1332,South Ogden,Utah,US,41.19189,-111.97133,7101,7104,10,2625,2025-08-26,yes,ogden--utah--united-states,3.5,18,no
1333,Waalwijk,North Brabant,NL,51.6825,5.07083,7095,12750,45,1284,2026-04-12,no,,,311,yes
1334,Loon op Zand,North Brabant,NL,51.6275,5.075,7095,12631,45,1284,2026-04-12,no,,,311,no
1335,İzmit,Kocaeli,TR,40.76499,29.92928,7088,7297,16,926,2026-08-02,no,,,289,no
1336,Gölcük,Kocaeli,TR,40.71501,29.81824,7088,7720,23,909,2026-08-02,no,,,289,no
1337,Balen,Flanders,BE,51.16837,5.17027,7088,7499,56,721,2026-08-07,no,,,312,yes
1338,Penarth,Wales,GB,51.4386,-3.17342,7046,7681,31,1453,2026-01-29,no,,,222,no
1339,Kilburn,England,GB,51.55295,-0.19157,7027,21809,55,2079,2026-08-04,yes,london--england--united-kingdom,10.1,271,no
1340,Unquillo,Cordoba,AR,-31.23717,-64.31176,7025,7028,25,828,2026-08-17,no,,,302,no
1341,Çubuklu,Istanbul,TR,41.10419,29.08331,7021,9060,30,1371,2026-06-21,yes,istanbul--marmara-region--turkey,14.1,165,no
1342,Blackwall,England,GB,51.50971,-0.0016,7011,19608,62,2181,2026-09-27,yes,london--england--united-kingdom,6.4,270,no
1343,North Liberty,Iowa,US,41.74918,-91.59795,6994,8560,21,1724,2025-12-22,no,,,191,no
1344,Canning Town,England,GB,51.51363,0.01948,6978,15167,55,2181,2026-09-27,yes,london--england--united-kingdom,7.9,270,no
1345,Laatzen,Lower Saxony,DE,52.31506,9.79739,6959,9144,39,2038,2026-08-21,no,,,106,no
1346,Hofheim am Taunus,Hesse,DE,50.09019,8.4493,6957,15861,54,1640,2026-08-16,no,,,192,no
1347,Bellevue,Nebraska,US,41.13667,-95.89084,6923,7411,6,2388,2026-03-20,yes,glenwood--iowa--united-states,15.9,114,no
1348,Barking,England,GB,51.53333,0.08333,6911,8522,49,2181,2026-07-18,yes,london--england--united-kingdom,12.8,270,no
1349,Fulham,England,GB,51.48026,-0.1993,6908,23833,57,2079,2026-08-04,yes,london--england--united-kingdom,7.8,271,no
1350,Faenza,Emilia-Romagna,IT,44.29007,11.87948,6894,7051,14,3652,2025-09-22,no,,,313,yes
1351,Sint-Niklaas,Flanders,BE,51.16509,4.1437,6876,9049,52,1921,2026-04-15,no,,,44,no
1352,Fléron,Wallonia,BE,50.61516,5.68062,6866,13671,55,1181,2026-07-21,no,,,136,no
1353,Putney,England,GB,51.46072,-0.21814,6858,20067,54,2079,2026-08-04,yes,london--england--united-kingdom,9.5,271,no
1354,Bow,England,GB,51.52609,-0.01665,6843,20819,61,2181,2026-09-27,yes,london--england--united-kingdom,6.4,270,no
1355,Parkland,Washington,US,47.15538,-122.43401,6818,11175,24,1802,2026-07-28,yes,tacoma--washington--united-states,10.0,200,no
1356,Gohlis,Saxony,DE,51.366,12.367,6764,9462,43,823,2026-04-03,no,,,249,no
1357,Roehampton,England,GB,51.45165,-0.24393,6759,17189,48,2079,2026-07-26,yes,london--england--united-kingdom,11.6,271,no
1358,Aalter,Flanders,BE,51.09017,3.44693,6738,8876,63,694,2026-04-04,no,,,314,yes
1359,Lakewood,Washington,US,47.17176,-122.51846,6727,10882,18,1802,2026-07-28,yes,steilacoom--washington--united-states,5.9,200,no
1360,Reinickendorf,State of Berlin,DE,52.56395,13.33552,6719,94805,61,2451,2026-07-07,yes,berlin--state-of-berlin--germany,8.8,288,no
1361,Catford,England,GB,51.44491,-0.02043,6715,13848,54,2181,2026-09-27,yes,london--england--united-kingdom,6.8,270,no
1362,Vienna,State of Vienna,AT,48.20849,16.37208,6704,29920,54,1529,2026-09-15,yes,vienna--state-of-vienna--austria,1.4,254,no
1363,Innere Stadt,State of Vienna,AT,48.20906,16.37135,6704,29920,54,1529,2026-09-15,yes,vienna--state-of-vienna--austria,1.4,254,no
1364,Limehouse,England,GB,51.51412,-0.03282,6703,20177,61,2181,2026-09-27,yes,london--england--united-kingdom,4.7,270,no
1365,Moulins,Rhône-Alpes,FR,46.56459,3.33243,6674,37298,37,3773,2026-08-07,no,,,315,yes
1366,Puente de Vallecas,Madrid,ES,40.39354,-3.662,6670,11126,47,2042,2026-04-20,yes,madrid--spain,10.0,316,yes
1367,Moratalaz,Madrid,ES,40.40742,-3.64935,6670,12899,48,2042,2026-04-20,yes,madrid--spain,9.1,316,no
1368,Numancia,Madrid,ES,40.3995,-3.65853,6670,12788,49,2042,2026-04-20,yes,madrid--spain,9.5,316,no
1369,San Diego,Madrid,ES,40.39003,-3.66787,6670,10402,46,2042,2026-04-20,yes,madrid--spain,10.2,316,no
1370,Palomeras Bajas,Madrid,ES,40.38476,-3.65888,6670,10396,44,2042,2026-04-20,yes,madrid--spain,11.0,316,no
1371,Los Rosales,Madrid,ES,40.35572,-3.68855,6670,7730,41,2042,2026-04-20,yes,madrid--spain,13.6,316,no
1372,Entrevías,Madrid,ES,40.37846,-3.6739,6670,10175,46,2042,2026-04-20,yes,madrid--spain,11.3,316,no
1373,Portazgo,Madrid,ES,40.39061,-3.64824,6670,11111,45,2042,2026-04-20,yes,madrid--spain,10.8,316,no
1374,Marroquina,Madrid,ES,40.41073,-3.64061,6670,14389,51,2042,2026-04-20,yes,madrid--spain,9.2,316,no
1375,San Fermín,Madrid,ES,40.37059,-3.68912,6670,8425,46,2042,2026-04-29,yes,madrid--spain,12.0,316,no
1376,Fontarrón,Madrid,ES,40.40141,-3.64678,6670,12115,48,2042,2026-04-20,yes,madrid--spain,9.8,316,no
1377,Vinateros,Madrid,ES,40.40525,-3.64249,6670,12912,50,2042,2026-04-20,yes,madrid--spain,9.6,316,no
1378,Madrid,Madrid,ES,40.4165,-3.70256,6669,11939,50,2042,2026-05-10,yes,madrid--spain,6.8,316,no
1379,Latina,Madrid,ES,40.38897,-3.74569,6669,8849,45,2042,2026-05-10,yes,madrid--spain,10.5,316,no
1380,Carabanchel,Madrid,ES,40.39094,-3.7242,6669,9109,45,2042,2026-05-10,yes,madrid--spain,9.8,316,no
1381,Ciudad Lineal,Madrid,ES,40.44505,-3.65132,6669,15322,52,2042,2026-04-20,yes,madrid--spain,5.7,316,no
1382,Tetuán de las Victorias,Madrid,ES,40.45975,-3.6975,6669,13054,49,2042,2026-05-13,yes,madrid--spain,2.1,316,no
1383,Madrid Centro,Madrid,ES,40.41831,-3.70275,6669,11939,50,2042,2026-05-10,yes,madrid--spain,6.6,316,no
1384,Arganzuela,Madrid,ES,40.40021,-3.69618,6669,11845,53,2042,2026-05-10,yes,madrid--spain,8.7,316,no
1385,Salamanca,Madrid,ES,40.42972,-3.67975,6669,12624,50,2042,2026-04-29,yes,madrid--spain,5.7,316,no
1386,Chamberí,Madrid,ES,40.43404,-3.70379,6669,12233,50,2042,2026-05-10,yes,madrid--spain,4.9,316,no
1387,Usera,Madrid,ES,40.38866,-3.70035,6669,9219,48,2042,2026-05-04,yes,madrid--spain,9.9,316,no
1388,Chamartín,Madrid,ES,40.46206,-3.6766,6669,14387,45,2042,2026-04-20,yes,madrid--spain,2.9,316,no
1389,Villaverde,Madrid,ES,40.35,-3.7,6669,7747,42,2042,2026-04-29,yes,madrid--spain,14.2,316,no
1390,Retiro,Madrid,ES,40.41317,-3.68307,6669,12162,49,2042,2026-04-29,yes,madrid--spain,7.4,316,no
1391,Moncloa-Aravaca,Madrid,ES,40.43547,-3.7317,6669,10729,49,2042,2026-05-13,yes,madrid--spain,5.3,316,no
1392,Kirkland,Washington,US,47.68149,-122.20874,6669,7947,31,2038,2026-09-17,yes,kirkland--washington--united-states,0.6,220,no
1393,Aluche,Madrid,ES,40.39191,-3.75669,6669,8735,44,2042,2026-05-13,yes,madrid--spain,10.6,316,no
1394,Las Águilas,Madrid,ES,40.3818,-3.77109,6669,7835,43,2042,2026-05-13,yes,madrid--spain,12.1,316,no
1395,Ventas,Madrid,ES,40.42248,-3.64741,6669,14815,50,2042,2026-04-20,yes,madrid--spain,7.8,316,no
1396,Buenavista,Madrid,ES,40.36709,-3.74608,6669,7871,45,2042,2026-05-10,yes,madrid--spain,12.8,316,no
1397,Vista Alegre,Madrid,ES,40.38432,-3.74575,6669,8720,44,2042,2026-05-10,yes,madrid--spain,11.0,316,no
1398,Embajadores,Madrid,ES,40.40924,-3.70246,6669,11825,49,2042,2026-05-10,yes,madrid--spain,7.6,316,no
1399,Lavapiés,Madrid,ES,40.40804,-3.70131,6669,11825,49,2042,2026-05-10,yes,madrid--spain,7.8,316,no
1400,Puerta del Angel,Madrid,ES,40.40969,-3.73181,6669,10657,46,2042,2026-05-13,yes,madrid--spain,8.0,316,no
1401,Guindalera,Madrid,ES,40.43633,-3.66658,6669,14584,53,2042,2026-04-20,yes,madrid--spain,5.6,316,no
1402,San Isidro,Madrid,ES,40.3966,-3.72833,6669,10069,48,2042,2026-05-10,yes,madrid--spain,9.3,316,no
1403,Puerta Bonita,Madrid,ES,40.37966,-3.73909,6669,8734,47,2042,2026-05-10,yes,madrid--spain,11.3,316,no
1404,Lucero,Madrid,ES,40.40229,-3.75035,6669,9567,42,2042,2026-05-13,yes,madrid--spain,9.3,316,no
1405,Acacias,Madrid,ES,40.40107,-3.70726,6669,10643,47,2042,2026-05-10,yes,madrid--spain,8.5,316,no
1406,Prosperidad,Madrid,ES,40.44427,-3.66926,6669,14527,48,2042,2026-04-20,yes,madrid--spain,4.7,316,no
1407,Los Angeles,Madrid,ES,40.35579,-3.69914,6669,7764,43,2042,2026-04-29,yes,madrid--spain,13.6,316,no
1408,Cuatro Caminos,Madrid,ES,40.44682,-3.70347,6669,12236,49,2042,2026-05-13,yes,madrid--spain,3.5,316,no
1409,Opañel,Madrid,ES,40.39023,-3.72178,6669,9134,47,2042,2026-05-10,yes,madrid--spain,9.9,316,no
1410,Pacífico,Madrid,ES,40.40435,-3.67873,6669,11863,49,2042,2026-04-29,yes,madrid--spain,8.4,316,no
1411,Universidad,Madrid,ES,40.42567,-3.70707,6669,11932,50,2042,2026-05-10,yes,madrid--spain,5.8,316,no
1412,Abrantes,Madrid,ES,40.37898,-3.72617,6669,8754,47,2042,2026-05-10,yes,madrid--spain,11.2,316,no
1413,Hispanoamérica,Madrid,ES,40.45537,-3.67711,6669,14469,46,2042,2026-04-20,yes,madrid--spain,3.4,316,no
1414,Valdezarza,Madrid,ES,40.46525,-3.7173,6669,11229,44,2042,2026-05-13,yes,madrid--spain,1.8,316,no
1415,Goya,Madrid,ES,40.42505,-3.67442,6669,12912,50,2042,2026-04-29,yes,madrid--spain,6.4,316,no
1416,Bellas Vistas,Madrid,ES,40.45245,-3.70763,6669,11233,45,2042,2026-05-13,yes,madrid--spain,2.9,316,no
1417,Delicias,Madrid,ES,40.39673,-3.68996,6669,11708,50,2042,2026-04-29,yes,madrid--spain,9.1,316,no
1418,El Viso,Madrid,ES,40.44626,-3.68411,6669,13097,50,2042,2026-05-10,yes,madrid--spain,3.9,316,no
1419,Rios Rosas,Madrid,ES,40.44239,-3.69773,6669,12231,49,2042,2026-05-10,yes,madrid--spain,4.0,316,no
1420,Moscardó,Madrid,ES,40.389,-3.70682,6669,9330,48,2042,2026-05-10,yes,madrid--spain,9.9,316,no
1421,Valdeacederas,Madrid,ES,40.46702,-3.70416,6669,11210,43,2042,2026-05-13,yes,madrid--spain,1.2,316,no
1422,Berruguete,Madrid,ES,40.45962,-3.70496,6669,11226,44,2042,2026-05-13,yes,madrid--spain,2.0,316,no
1423,Quintana,Madrid,ES,40.43701,-3.64507,6669,15315,51,2042,2026-04-20,yes,madrid--spain,6.7,316,no
1424,Palos de Moguer,Madrid,ES,40.40351,-3.69468,6669,11836,51,2042,2026-05-10,yes,madrid--spain,8.3,316,no
1425,Argüelles,Madrid,ES,40.42821,-3.71785,6669,10955,48,2042,2026-05-13,yes,madrid--spain,5.7,316,no
1426,Trafalgar,Madrid,ES,40.43285,-3.70113,6669,12244,51,2042,2026-05-10,yes,madrid--spain,5.0,316,no
1427,Nueva España,Madrid,ES,40.46276,-3.67813,6669,14090,44,2042,2026-04-20,yes,madrid--spain,2.7,316,no
1428,Arapiles,Madrid,ES,40.4344,-3.70803,6669,11926,50,2042,2026-05-13,yes,madrid--spain,4.9,316,no
1429,Palacio,Madrid,ES,40.41542,-3.71407,6669,11004,50,2042,2026-05-10,yes,madrid--spain,7.0,316,no
1430,Orcasitas,Madrid,ES,40.36863,-3.71242,6669,8158,45,2042,2026-04-29,yes,madrid--spain,12.2,316,no
1431,Almenara,Madrid,ES,40.47066,-3.69431,6669,12964,43,2042,2026-05-10,yes,madrid--spain,1.1,316,no
1432,Gaztambide,Madrid,ES,40.43498,-3.71461,6669,10964,50,2042,2026-05-13,yes,madrid--spain,4.9,316,no
1433,Almendrales,Madrid,ES,40.38368,-3.69931,6669,9196,47,2042,2026-04-29,yes,madrid--spain,10.5,316,no
1434,Comillas,Madrid,ES,40.3935,-3.71196,6669,10082,48,2042,2026-05-10,yes,madrid--spain,9.4,316,no
1435,Estrella,Madrid,ES,40.41409,-3.66553,6669,12902,48,2042,2026-04-20,yes,madrid--spain,7.8,316,no
1436,Imperial,Madrid,ES,40.40619,-3.71836,6669,10648,46,2042,2026-05-10,yes,madrid--spain,8.1,316,no
1437,Ibiza,Madrid,ES,40.41888,-3.67434,6669,12912,50,2042,2026-04-29,yes,madrid--spain,7.0,316,no
1438,Lista,Madrid,ES,40.43202,-3.67583,6669,12921,51,2042,2026-04-29,yes,madrid--spain,5.6,316,no
1439,Concepción,Madrid,ES,40.43932,-3.64928,6669,14781,50,2042,2026-04-20,yes,madrid--spain,6.3,316,no
1440,Fuente del Berro,Madrid,ES,40.42478,-3.66379,6669,14119,50,2042,2026-04-20,yes,madrid--spain,6.8,316,no
1441,Castillejos,Madrid,ES,40.46041,-3.69413,6669,13018,47,2042,2026-05-10,yes,madrid--spain,2.1,316,no
1442,Vallehermoso,Madrid,ES,40.44289,-3.71124,6669,10991,50,2042,2026-05-13,yes,madrid--spain,3.9,316,no
1443,Chopera,Madrid,ES,40.39476,-3.69907,6669,9971,48,2042,2026-05-04,yes,madrid--spain,9.3,316,no
1444,Campamento,Madrid,ES,40.38644,-3.79818,6669,7782,41,2042,2026-05-13,yes,madrid--spain,12.9,316,no
1445,Legazpi,Madrid,ES,40.38884,-3.68715,6669,10357,49,2042,2026-04-29,yes,madrid--spain,10.0,316,no
1446,Almagro,Madrid,ES,40.43285,-3.69354,6669,12668,50,2042,2026-05-10,yes,madrid--spain,5.1,316,no
1447,Adelfas,Madrid,ES,40.40112,-3.67097,6669,12191,49,2042,2026-04-29,yes,madrid--spain,9.0,316,no
1448,Ciudad Jardín,Madrid,ES,40.4483,-3.673,6669,14538,49,2042,2026-04-20,yes,madrid--spain,4.2,316,no
1449,San Pascual,Madrid,ES,40.44286,-3.65346,6669,14527,49,2042,2026-04-20,yes,madrid--spain,5.8,316,no
1450,Justicia,Madrid,ES,40.42366,-3.69666,6669,11932,50,2042,2026-05-10,yes,madrid--spain,6.1,316,no
1451,Cármenes,Madrid,ES,40.40149,-3.73593,6669,10069,47,2042,2026-05-13,yes,madrid--spain,8.9,316,no
1452,Pradolongo,Madrid,ES,40.37814,-3.70712,6669,9032,50,2042,2026-05-04,yes,madrid--spain,11.1,316,no
1453,Media Legua,Madrid,ES,40.41189,-3.65682,6669,12902,48,2042,2026-04-20,yes,madrid--spain,8.3,316,no
1454,Castellana,Madrid,ES,40.43355,-3.68429,6669,12749,51,2042,2026-05-10,yes,madrid--spain,5.2,316,no
1455,Ciudad Universitaria,Madrid,ES,40.45595,-3.73839,6669,10650,42,2042,2026-05-13,yes,madrid--spain,3.8,316,no
1456,Recoletos,Madrid,ES,40.4246,-3.68582,6669,12752,53,2042,2026-05-10,yes,madrid--spain,6.1,316,no
1457,Niño Jesús,Madrid,ES,40.41161,-3.67343,6669,12897,50,2042,2026-04-29,yes,madrid--spain,7.8,316,no
1458,Petershausen-West,Baden-Wurttemberg,DE,47.67411,9.17787,6655,43191,48,4756,2026-01-20,no,,,101,no
1459,Rio Verde,Goiás,BR,-17.79806,-50.92806,6649,6649,12,2312,2026-05-17,no,,,317,yes
1460,Epe,Gelderland,NL,52.3475,5.98333,6642,6813,37,2764,2026-07-23,no,,,318,yes
1461,La Rioja,La Rioja,AR,-29.41328,-66.85637,6625,6643,22,938,2026-03-30,no,,,319,yes
1462,Stepney,England,GB,51.5175,-0.04292,6599,20653,63,2181,2026-09-27,yes,london--england--united-kingdom,4.4,270,no
1463,Pozuelo de Alarcón,Madrid,ES,40.43293,-3.81338,6595,7729,33,2042,2026-05-13,yes,madrid--spain,10.5,316,no
1464,Pilar,Madrid,ES,40.47714,-3.70959,6595,11008,41,2042,2026-05-13,yes,madrid--spain,0.5,316,no
1465,Peña Grande,Madrid,ES,40.47456,-3.72236,6595,10681,38,2042,2026-05-13,yes,madrid--spain,1.6,316,no
1466,Aravaca,Madrid,ES,40.45772,-3.78282,6595,9203,35,2042,2026-05-13,yes,madrid--spain,7.1,316,no
1467,La Paz,Madrid,ES,40.48116,-3.69659,6591,11397,39,2042,2026-05-10,yes,madrid--spain,0.7,316,no
1468,Castilla,Madrid,ES,40.47431,-3.67972,6591,13884,43,2042,2026-04-20,yes,madrid--spain,2.1,316,no
1469,Heilbronn,Baden-Wurttemberg,DE,49.13995,9.22054,6588,9238,48,1147,2026-05-26,no,,,171,no
1470,Harrow,England,GB,51.57835,-0.33208,6559,13211,36,2079,2026-08-26,yes,london--england--united-kingdom,19.6,271,no
1471,İstinye,Istanbul,TR,41.11008,29.05094,6559,9628,31,1371,2026-06-22,yes,istanbul--marmara-region--turkey,13.1,165,no
1472,Manor Park,England,GB,51.54932,0.04867,6549,12067,55,2181,2026-07-18,yes,london--england--united-kingdom,11.6,270,no
1473,Canary Wharf,England,GB,51.50519,-0.02085,6548,19227,59,2181,2026-09-27,yes,london--england--united-kingdom,5.0,270,no
1474,Neubau,State of Vienna,AT,48.20172,16.34715,6526,28638,52,1529,2026-09-15,yes,vienna--state-of-vienna--austria,3.2,254,no
1475,Padua,Veneto,IT,45.40797,11.88586,6522,7816,33,1818,2026-05-13,no,,,320,yes
1476,Arcella,Veneto,IT,45.42178,11.88755,6522,7791,31,1818,2026-05-13,no,,,320,no
1477,Elbeuf,Normandy,FR,49.28669,1.00288,6502,36494,44,665,2026-08-05,no,,,53,no
1478,Rinkeby,Stockholm,SE,59.38708,17.92754,6490,7252,53,1454,2026-07-30,no,,,321,yes
1479,Friedrichshafen,Baden-Wurttemberg,DE,47.65689,9.47554,6479,102634,45,2142,2026-04-29,no,,,322,yes
1480,Kestel,Bursa Province,TR,40.19828,29.21237,6478,6491,9,1823,2026-06-07,no,,,104,no
1481,Brockley,England,GB,51.46369,-0.03652,6418,15760,58,2181,2026-09-27,yes,london--england--united-kingdom,4.6,270,no
1482,Vukovar,Vukovar-Srijem,HR,45.35161,19.00225,6390,23012,31,988,2026-08-13,no,,,323,yes
1483,West Ham,England,GB,51.53333,0.01667,6388,17330,55,2181,2026-09-27,yes,london--england--united-kingdom,8.8,270,no
1484,Stratford,England,GB,51.53333,0.0,6369,19029,56,2181,2026-09-27,yes,london--england--united-kingdom,7.8,270,no
1485,Kreuzberg,State of Berlin,DE,52.49973,13.40338,6364,64903,62,2451,2026-07-07,yes,berlin--state-of-berlin--germany,1.7,288,no
1486,Hayes,England,GB,51.51579,-0.4234,6356,13572,35,2079,2026-08-26,yes,london--england--united-kingdom,23.4,271,no
1487,Manisa,Manisa,TR,38.61202,27.42647,6354,6376,16,963,2026-05-28,no,,,324,yes
1488,Sundbyberg,Stockholm,SE,59.36128,17.97114,6325,7484,63,1454,2026-07-30,no,,,321,no
1489,Baden,Lower Austria,AT,48.00543,16.23264,6324,6530,30,1058,2026-08-19,no,,,325,yes
1490,Wittenau,State of Berlin,DE,52.59319,13.32127,6324,80263,57,2451,2026-07-07,yes,berlin--state-of-berlin--germany,11.9,288,no
1491,New Cross,England,GB,51.47534,-0.03837,6320,17230,60,2181,2026-09-27,yes,london--england--united-kingdom,3.8,270,no
1492,Charlottenburg,State of Berlin,DE,52.51667,13.28333,6291,94483,62,2451,2026-07-07,yes,berlin--state-of-berlin--germany,9.6,288,no
1493,Bietigheim-Bissingen,Baden-Wurttemberg,DE,48.94407,9.11755,6291,8678,47,1463,2026-05-06,no,,,95,no
1494,Charlottenburg-Nord,State of Berlin,DE,52.53048,13.29371,6291,97283,59,2451,2026-07-07,yes,berlin--state-of-berlin--germany,9.2,288,no
1495,Westend,State of Berlin,DE,52.51708,13.27636,6290,93935,61,2451,2026-07-07,yes,berlin--state-of-berlin--germany,10.1,288,no
1496,Tegel,State of Berlin,DE,52.57601,13.29389,6289,93354,54,2451,2026-07-07,yes,berlin--state-of-berlin--germany,11.7,288,no
1497,Haselhorst,State of Berlin,DE,52.54409,13.23743,6288,92555,54,2451,2026-09-29,yes,berlin--state-of-berlin--germany,13.3,288,no
1498,Spandau,State of Berlin,DE,52.5511,13.19921,6287,91402,52,2451,2026-09-29,yes,berlin--state-of-berlin--germany,16.0,288,no
1499,Hakenfelde,State of Berlin,DE,52.55877,13.20831,6287,91213,51,2451,2026-09-29,yes,berlin--state-of-berlin--germany,15.7,288,no
1500,Wilhelmstadt,State of Berlin,DE,52.52379,13.18916,6285,88010,48,2451,2026-09-29,yes,berlin--state-of-berlin--germany,16.1,288,no
1501,Biebrich,Hesse,DE,50.0415,8.24878,6243,19322,62,2051,2026-09-29,no,,,192,no
1502,Shadwell,England,GB,51.51135,-0.05663,6242,19960,61,2181,2026-09-27,yes,london--england--united-kingdom,3.3,270,no
1503,Moabit,State of Berlin,DE,52.52635,13.33903,6239,86968,63,2451,2026-07-07,yes,berlin--state-of-berlin--germany,6.2,288,no
1504,Hazebrouck,Hauts-de-France,FR,50.72374,2.53729,6221,8942,49,1446,2025-12-27,no,,,326,yes
1505,Altdorf bei Nürnberg,Bavaria,DE,49.3856,11.3573,6201,6344,24,903,2026-04-04,no,,,327,yes
1506,Griesheim,Hesse,DE,49.86085,8.5725,6179,25852,52,1495,2026-05-03,no,,,192,no
1507,Heerenveen,Friesland,NL,52.95929,5.91854,6177,8636,37,1838,2025-12-30,no,,,328,yes
1508,Pontarlier,Bourgogne,FR,46.90347,6.35542,6166,35187,48,986,2026-07-19,no,,,329,yes
1509,Hietzing,State of Vienna,AT,48.18623,16.2965,6161,26249,40,1529,2026-07-11,yes,vienna--state-of-vienna--austria,7.2,254,no
1510,Auch,Occitanie,FR,43.64561,0.58856,6151,9037,30,2290,2025-12-29,no,,,330,yes
1511,Bamberg,Bavaria,DE,49.89873,10.90067,6149,7022,36,2438,2025-11-26,no,,,331,yes
1512,Bačka Topola,Vojvodina,RS,45.81516,19.6318,6137,8570,10,782,2024-08-17,no,,,332,yes
1513,Leiderdorp,South Holland,NL,52.15833,4.52917,6126,7546,56,1558,2026-09-05,no,,,333,yes
1514,Nogent-sur-Oise,Hauts-de-France,FR,49.27158,2.47074,6126,87085,43,2029,2026-09-14,no,,,334,yes
1515,Richfield,Minnesota,US,44.8833,-93.283,6123,23402,40,723,2026-05-04,yes,minneapolis--minnesota--united-states,10.5,265,no
1516,Tensta,Stockholm,SE,59.3939,17.90111,6115,6700,48,1454,2026-07-30,no,,,321,no
1517,Dunkirk,Hauts-de-France,FR,51.0344,2.37681,6102,15529,45,1432,2026-09-10,no,,,284,no
1518,Leiden,South Holland,NL,52.15833,4.49306,6101,7625,56,1558,2026-09-26,no,,,333,no
1519,Falkenhagener Feld,State of Berlin,DE,52.55191,13.16802,6090,88155,46,2451,2026-09-29,yes,berlin--state-of-berlin--germany,18.1,288,no
1520,Danderyd,Stockholm,SE,59.40398,18.02376,6081,6879,48,1454,2026-07-30,no,,,321,no
1521,Saint Louis Park,Minnesota,US,44.9483,-93.34801,6055,24834,41,723,2026-05-04,yes,minneapolis--minnesota--united-states,7.2,265,no
1522,Coity,Wales,GB,51.522,-3.55531,6052,6106,30,1242,2026-01-19,no,,,335,yes
1523,Merenwijk,South Holland,NL,52.17655,4.50885,6046,7514,56,1558,2026-09-26,no,,,333,no
1524,Dreieich,Hesse,DE,50.01997,8.69611,6042,17188,49,1322,2026-03-01,no,,,192,no
1525,Mödling,Lower Austria,AT,48.08605,16.28921,6022,9365,37,658,2026-04-29,yes,vienna--state-of-vienna--austria,16.4,254,no
1526,Voorschoten,South Holland,NL,52.1275,4.44861,6015,7979,56,1558,2026-09-05,no,,,333,no
1527,Schöneberg,State of Berlin,DE,52.49801,13.3443,6007,79128,61,2451,2026-07-07,yes,berlin--state-of-berlin--germany,5.5,288,no
1528,Creil,Hauts-de-France,FR,49.25672,2.48477,6005,87093,45,2029,2026-09-14,no,,,334,no
1529,Oegstgeest,South Holland,NL,52.18,4.46944,6003,7339,56,1558,2026-09-26,no,,,333,no
1530,Wilmersdorf,State of Berlin,DE,52.48333,13.31667,5976,77635,58,2451,2026-07-07,yes,berlin--state-of-berlin--germany,7.8,288,no
1531,Cascina,Tuscany,IT,43.67557,10.55494,5976,11582,41,1412,2025-11-08,no,,,336,yes
1532,Schmargendorf,State of Berlin,DE,52.47517,13.29071,5975,74962,53,2451,2026-07-07,yes,berlin--state-of-berlin--germany,9.7,288,no
1533,Perry Vale,England,GB,51.43639,-0.04442,5968,13650,52,2181,2026-09-27,yes,london--england--united-kingdom,6.6,270,no
1534,Wassenaar,South Holland,NL,52.14583,4.40278,5961,7878,52,1558,2026-09-26,no,,,333,no
1535,Pontivy,Brittany,FR,48.06835,-2.96645,5961,9168,43,624,2026-07-27,no,,,337,yes
1536,Fünfhaus,State of Vienna,AT,48.19596,16.3183,5952,26721,45,1529,2026-09-15,yes,vienna--state-of-vienna--austria,5.3,254,no
1537,Sassenheim,South Holland,NL,52.225,4.52222,5935,26390,56,1558,2026-09-26,no,,,333,no
1538,South Ruislip,England,GB,51.55518,-0.40867,5919,12521,30,2079,2026-08-26,yes,london--england--united-kingdom,23.4,271,no
1539,Venaria Reale,Piedmont,IT,45.12597,7.63136,5914,6681,35,2418,2026-06-03,no,,,338,yes
1540,Narbonne,Occitanie,FR,43.18396,3.00141,5884,15548,55,655,2026-05-22,no,,,339,yes
1541,Leixlip,Leinster,IE,53.36583,-6.49556,5865,8427,32,3313,2026-08-14,no,,,228,no
1542,İzmir,İzmir Province,TR,38.41273,27.13838,5864,6354,23,1742,2026-05-28,no,,,340,yes
1543,Lommel,Flanders,BE,51.23074,5.31349,5860,6092,48,537,2026-08-07,no,,,267,no
1544,Puerto Varas,Los Lagos Region,CL,-41.31946,-72.98538,5856,5870,18,820,2026-02-26,no,,,305,no
1545,Pérez,Santa Fe,AR,-32.99835,-60.76791,5841,67094,41,1386,2026-03-19,no,,,300,no
1546,Midvale,Utah,US,40.61106,-111.89994,5827,5832,11,1389,2025-09-01,yes,kearns--utah--united-states,10.0,127,no
1547,Circoiscrizione V,Piedmont,IT,45.10147,7.65538,5824,6594,42,2418,2026-07-20,no,,,338,no
1548,Barriera di Lanzo,Piedmont,IT,45.10981,7.65126,5824,6581,39,2418,2026-07-20,no,,,338,no
1549,San Donato,Piedmont,IT,45.08201,7.66485,5824,6606,45,2418,2026-07-20,no,,,338,no
1550,Lucento,Piedmont,IT,45.10588,7.65563,5824,6589,41,2418,2026-07-20,no,,,338,no
1551,Madonna di Campagna,Piedmont,IT,45.10306,7.66382,5805,6567,42,2418,2026-07-20,no,,,338,no
1552,Hemmingen,Lower Saxony,DE,52.31425,9.72359,5803,7072,35,1561,2026-09-02,no,,,106,no
1553,Verviers,Wallonia,BE,50.58907,5.86241,5793,13071,59,851,2026-07-18,no,,,341,yes
1554,Puyallup,Washington,US,47.18538,-122.2929,5759,11874,36,790,2026-08-19,yes,tacoma--washington--united-states,12.9,200,no
1555,Grugliasco,Piedmont,IT,45.06516,7.57954,5758,6552,41,2418,2026-07-20,no,,,338,no
1556,Circoiscrizione IV,Piedmont,IT,45.08125,7.63188,5756,6547,42,2418,2026-07-20,no,,,338,no
1557,Parella,Piedmont,IT,45.0801,7.62567,5756,6550,43,2418,2026-07-20,no,,,338,no
1558,Cleburne,Texas,US,32.34764,-97.38668,5731,6529,28,1703,2024-12-23,no,,,342,yes
1559,Goiânia,Goiás,BR,-16.67861,-49.25389,5717,11219,34,1400,2026-05-01,yes,goiânia--goiás--brazil,0.3,343,yes
1560,Edmond,Oklahoma,US,35.65283,-97.4781,5698,5704,6,1904,2025-03-08,yes,oklahoma-city--oklahoma--united-states,18.9,344,yes
1561,Alsergrund,State of Vienna,AT,48.22321,16.35506,5692,26049,54,1529,2026-09-15,yes,vienna--state-of-vienna--austria,1.9,254,no
1562,Valkenswaard,North Brabant,NL,51.35083,5.45972,5679,19068,48,1070,2026-05-08,no,,,143,no
1563,Alzey,Rheinland-Pfalz,DE,49.74657,8.11513,5675,9829,43,3743,2026-03-08,no,,,345,yes
1564,Cenisia,Piedmont,IT,45.06885,7.65052,5666,6399,43,2418,2026-07-20,no,,,338,no
1565,Borgo San Paolo,Piedmont,IT,45.06024,7.64455,5666,6400,43,2418,2026-07-20,no,,,338,no
1566,Crocetta,Piedmont,IT,45.058,7.66562,5666,6398,44,2418,2026-07-20,no,,,338,no
1567,Saint-Dié-des-Vosges,Grand Est,FR,48.28429,6.94921,5654,105710,64,1894,2026-06-22,no,,,346,yes
1568,Josefstadt,State of Vienna,AT,48.21243,16.34549,5628,27567,52,1529,2026-09-15,yes,vienna--state-of-vienna--austria,2.7,254,no
1569,Circoiscrizione VI,Piedmont,IT,45.1022,7.70029,5626,6332,40,2418,2026-06-03,no,,,338,no
1570,Bethnal Green,England,GB,51.52718,-0.06109,5626,19992,62,2181,2026-09-27,yes,london--england--united-kingdom,4.6,270,no
1571,Renningen,Baden-Wurttemberg,DE,48.76974,8.93871,5619,11881,51,998,2026-06-18,no,,,95,no
1572,Saumur,Pays de la Loire,FR,47.25931,-0.07808,5611,34311,54,883,2026-08-30,no,,,347,yes
1573,Zhubei,Taiwan,TW,24.83833,121.00778,5605,25426,53,667,2026-08-14,no,,,348,yes
1574,Fuencarral-El Pardo,Madrid,ES,40.4984,-3.7314,5597,9121,31,2042,2026-05-13,yes,madrid--spain,3.3,316,no
1575,Mirasierra,Madrid,ES,40.49631,-3.71957,5597,9129,32,2042,2026-05-13,yes,madrid--spain,2.5,316,no
1576,Beckenham,England,GB,51.40878,-0.02526,5591,9429,45,2181,2026-09-27,yes,london--england--united-kingdom,10.0,270,no
1577,Circoiscrizione III,Piedmont,IT,45.06279,7.63071,5577,6289,42,2418,2026-07-20,no,,,338,no
1578,Pozzo Strada,Piedmont,IT,45.06837,7.62503,5577,6319,42,2418,2026-07-20,no,,,338,no
1579,Groß-Gerau,Hesse,DE,49.92139,8.48255,5571,15107,47,913,2026-05-03,no,,,192,no
1580,Karşıyaka,İzmir Province,TR,38.45772,27.1142,5547,6028,22,1742,2026-05-28,no,,,340,no
1581,Ilford,England,GB,51.55765,0.07278,5537,6996,46,2181,2026-07-18,yes,london--england--united-kingdom,13.5,270,no
1582,Barriera di Milano,Piedmont,IT,45.09228,7.69399,5532,6228,40,2418,2026-07-20,no,,,338,no
1583,Bilthoven,Utrecht,NL,52.13,5.20139,5517,7903,48,1543,2026-09-12,no,,,349,yes
1584,Beauvais,Hauts-de-France,FR,49.43333,2.08333,5497,80430,38,2103,2026-07-03,no,,,350,yes
1585,Bostanlı,İzmir Province,TR,38.45921,27.09732,5497,5982,21,1742,2026-05-28,no,,,340,no
1586,Şemikler,İzmir Province,TR,38.47497,27.09591,5497,5974,19,1742,2026-05-28,no,,,340,no
1587,Sollentuna,Stockholm,SE,59.42804,17.95093,5492,5847,43,1454,2026-07-30,no,,,321,no
1588,Tigre,Buenos Aires,AR,-34.42603,-58.57962,5489,5490,25,928,2026-09-19,no,,,351,yes
1589,Circoiscrizione II,Piedmont,IT,45.05013,7.64052,5487,6158,41,2418,2026-07-20,no,,,338,no
1590,Santa Rita,Piedmont,IT,45.04593,7.64451,5487,6123,40,2418,2026-07-20,no,,,338,no
1591,Polo Nord,Piedmont,IT,45.0548,7.64948,5487,6163,43,2418,2026-07-20,no,,,338,no
1592,Bridgend,Wales,GB,51.50583,-3.57722,5483,5559,28,1242,2026-01-19,no,,,335,no
1593,Friedenau,State of Berlin,DE,52.47133,13.32813,5475,67765,54,2451,2026-08-03,yes,berlin--state-of-berlin--germany,7.6,288,no
1594,Subotica,Vojvodina,RS,46.1,19.66667,5467,7071,19,782,2025-08-28,no,,,352,yes
1595,Peckham,England,GB,51.47403,-0.06969,5466,17146,56,2181,2026-09-27,yes,london--england--united-kingdom,2.1,270,no
1596,Columbia Heights,Minnesota,US,45.0408,-93.263,5459,24865,39,723,2026-05-03,yes,minneapolis--minnesota--united-states,7.1,265,no
1597,Blankenberge,Flanders,BE,51.31306,3.13227,5459,14098,40,906,2026-03-11,no,,,353,yes
1598,Bromma,Stockholm,SE,59.34,17.94,5448,6667,61,1454,2026-07-30,no,,,321,no
1599,Mirafiori Nord,Piedmont,IT,45.04248,7.6276,5448,6089,40,2418,2026-07-20,no,,,338,no
1600,Don Torcuato,Buenos Aires,AR,-34.49459,-58.62729,5437,5439,30,928,2025-12-23,no,,,351,no
1601,Dornbirn,Vorarlberg,AT,47.41427,9.74195,5426,43268,53,723,2026-08-23,no,,,242,no
1602,Baden-Baden,Baden-Wurttemberg,DE,48.7606,8.23975,5419,19728,59,964,2026-08-15,no,,,190,no
1603,Landau in der Pfalz,Rheinland-Pfalz,DE,49.19844,8.11692,5416,9810,48,1925,2026-08-29,no,,,211,no
1604,Audincourt,Bourgogne,FR,47.48327,6.85341,5408,9348,46,655,2026-09-30,no,,,183,no
1605,Limerick,Munster,IE,52.66472,-8.62306,5403,6605,28,840,2026-07-03,no,,,354,yes
1606,Haßloch,Rheinland-Pfalz,DE,49.36278,8.25806,5402,8850,44,1479,2026-08-02,no,,,211,no
1607,Hässelby Villastad,Stockholm,SE,59.38,17.80867,5398,5555,31,1454,2026-07-30,no,,,321,no
1608,Sremska Mitrovica,Vojvodina,RS,44.97639,19.61222,5388,28290,17,884,2025-07-20,no,,,111,no
1609,Turin,Piedmont,IT,45.07049,7.68682,5384,6064,42,2418,2026-07-20,no,,,338,no
1610,Circoiscrizione VII,Piedmont,IT,45.07824,7.69718,5384,6070,43,2418,2026-07-20,no,,,338,no
1611,Vanchiglia,Piedmont,IT,45.0714,7.70421,5384,6036,41,2418,2026-07-20,no,,,338,no
1612,Centro,Piedmont,IT,45.07119,7.68376,5384,6064,42,2418,2026-07-20,no,,,338,no
1613,Aurora,Piedmont,IT,45.0807,7.6873,5384,6062,42,2418,2026-07-20,no,,,338,no
1614,Porta Palazzo,Piedmont,IT,45.07669,7.68371,5384,6071,44,2418,2026-07-20,no,,,338,no
1615,Mosbach,Baden-Wurttemberg,DE,49.35357,9.15106,5382,10170,37,1049,2026-04-02,no,,,171,no
1616,San Mauro Torinese,Piedmont,IT,45.10359,7.76803,5380,5984,31,2418,2026-05-13,no,,,338,no
1617,Portland,Oregon,US,45.52345,-122.67621,5374,10123,39,832,2026-09-08,yes,portland--oregon--united-states,2.7,355,yes
1618,Geel,Flanders,BE,51.16557,4.98917,5342,6488,67,864,2026-09-23,no,,,140,no
1619,Vanchiglietta,Piedmont,IT,45.07357,7.71758,5340,5964,39,2418,2026-07-20,no,,,338,no
1620,Montereau-Fault-Yonne,Île-de-France,FR,48.38333,2.95,5328,11303,42,476,2026-09-18,no,,,194,no
1621,Göttingen,Lower Saxony,DE,51.53443,9.93228,5322,7140,29,3012,2026-07-02,no,,,356,yes
1622,Circoiscrizione I,Piedmont,IT,45.06639,7.6868,5309,6000,43,2418,2026-07-20,no,,,338,no
1623,Dahlem,State of Berlin,DE,52.4581,13.28702,5305,64586,54,2451,2026-08-03,yes,berlin--state-of-berlin--germany,10.8,288,no
1624,San Cristobal,Madrid,ES,40.34077,-3.68843,5303,6332,37,2042,2026-04-20,yes,madrid--spain,15.3,316,no
1625,Wertheim,Baden-Wurttemberg,DE,49.759,9.50852,5301,8150,46,985,2026-07-24,no,,,357,yes
1626,Leytonstone,England,GB,51.56856,0.00768,5241,13159,53,2181,2026-08-04,yes,london--england--united-kingdom,11.0,270,no
1627,Solna,Stockholm,SE,59.36004,18.00086,5233,6379,61,1454,2026-07-30,no,,,321,no
1628,San Salvario,Piedmont,IT,45.05288,7.67979,5226,5865,40,2418,2026-07-20,no,,,338,no
1629,Råsunda,Stockholm,SE,59.36588,17.99569,5218,6353,59,1454,2026-07-30,no,,,321,no
1630,Aachen,North Rhine-Westphalia,DE,50.77664,6.08342,5215,27550,58,897,2026-07-22,no,,,358,yes
1631,Sandy,Utah,US,40.59161,-111.8841,5203,5207,9,1389,2025-09-01,yes,kearns--utah--united-states,12.2,127,no
1632,Vasastaden,Stockholm,SE,59.35,18.03333,5192,6346,63,1454,2026-07-30,no,,,321,no
1633,Brasschaat,Flanders,BE,51.2912,4.49182,5180,7835,52,882,2026-08-10,no,,,187,no
1634,Palomeras Sureste,Madrid,ES,40.38524,-3.63726,5176,9085,41,2042,2026-04-20,yes,madrid--spain,11.7,316,no
1635,Valdebernardo,Madrid,ES,40.40072,-3.62133,5176,10888,44,2042,2026-04-20,yes,madrid--spain,11.1,316,no
1636,Pueblo Nuevo,Madrid,ES,40.42629,-3.63546,5175,13282,49,2042,2026-04-20,yes,madrid--spain,8.1,316,no
1637,Münster,North Rhine-Westphalia,DE,51.96236,7.62571,5172,6639,45,516,2026-02-17,no,,,307,no
1638,Arcos,Madrid,ES,40.42122,-3.61759,5172,13828,50,2042,2026-04-20,yes,madrid--spain,9.6,316,no
1639,Simancas,Madrid,ES,40.43533,-3.6251,5171,13794,47,2042,2026-04-20,yes,madrid--spain,8.2,316,no
1640,Piovera,Madrid,ES,40.45572,-3.63509,5171,13769,50,2042,2026-04-20,yes,madrid--spain,6.3,316,no
1641,Donaghmede,Leinster,IE,53.39845,-6.16179,5166,8342,44,1109,2026-08-14,no,,,228,no
1642,Susurluk,Balıkesir,TR,39.91361,28.15778,5154,5164,14,731,2026-05-28,no,,,359,yes
1643,Most,Ústí nad Labem Region,CZ,50.50301,13.63617,5152,5825,27,853,2026-03-08,no,,,360,yes
1644,Bottrop,North Rhine-Westphalia,DE,51.52392,6.9285,5146,11446,54,955,2026-09-12,no,,,310,no
1645,Moers,North Rhine-Westphalia,DE,51.45342,6.6326,5144,6752,44,1626,2026-05-13,no,,,310,no
1646,Mirafiori Sud,Piedmont,IT,45.02125,7.62314,5142,5670,32,2418,2026-07-20,no,,,338,no
1647,Belo Horizonte,Minas Gerais,BR,-19.92083,-43.93778,5140,10675,21,777,2026-02-09,no,,,361,yes
1648,Swanley,England,GB,51.39717,0.17321,5109,5675,47,495,2026-08-02,yes,london--england--united-kingdom,20.8,270,no
1649,Pinar del Rey,Madrid,ES,40.4724,-3.64709,5097,13368,49,2042,2026-04-20,yes,madrid--spain,4.8,316,no
1650,Canillas,Madrid,ES,40.46396,-3.63625,5097,13610,48,2042,2026-04-20,yes,madrid--spain,5.9,316,no
1651,Pinar de Chamartín,Madrid,ES,40.47903,-3.66836,5097,13172,43,2042,2026-04-20,yes,madrid--spain,3.0,316,no
1652,Costillares,Madrid,ES,40.47665,-3.66852,5097,13172,43,2042,2026-04-20,yes,madrid--spain,3.0,316,no
1653,Apostol Santiago,Madrid,ES,40.4764,-3.65942,5097,13281,45,2042,2026-04-20,yes,madrid--spain,3.7,316,no
1654,Maubeuge,Hauts-de-France,FR,50.27875,3.97267,5096,15529,46,737,2026-06-25,no,,,362,yes
1655,Granadero Baigorria,Santa Fe,AR,-32.85683,-60.71754,5078,55865,30,1502,2026-03-22,no,,,300,no
1656,Chelsea,England,GB,51.48755,-0.16936,5062,22360,57,2079,2026-09-27,yes,london--england--united-kingdom,5.6,271,no
1657,Fleurus,Wallonia,BE,50.48351,4.55006,5058,9756,53,841,2026-09-06,no,,,363,yes
1658,Oyonnax,Rhône-Alpes,FR,46.25917,5.65727,5057,7081,47,658,2026-09-24,no,,,364,yes
1659,Steglitz,State of Berlin,DE,52.45606,13.332,5055,62825,51,2451,2026-08-03,yes,berlin--state-of-berlin--germany,8.5,288,no
1660,Lucé,Centre-Val de Loire,FR,48.43689,1.46359,5023,12637,29,1867,2026-09-16,no,,,365,yes
1661,Saint-Pol-sur-Mer,Hauts-de-France,FR,51.03116,2.33983,5018,13854,39,1432,2026-09-10,no,,,284,no
1662,Prenzlauer Berg,State of Berlin,DE,52.53878,13.42443,5007,38166,60,1848,2026-06-30,yes,berlin--state-of-berlin--germany,3.5,288,no
1663,Soumagne,Wallonia,BE,50.61385,5.74679,5000,10897,56,780,2026-06-21,no,,,136,no
1664,Laon,Hauts-de-France,FR,49.5631,3.62714,4976,6000,44,1572,2026-09-06,no,,,366,yes
1665,Chartres,Centre-Val de Loire,FR,48.44685,1.48925,4973,13487,27,1867,2026-09-16,no,,,365,no
1666,Nieuwegein,Utrecht,NL,52.02917,5.08056,4970,8870,60,1543,2026-09-12,no,,,349,no
1667,Lingotto,Piedmont,IT,45.03333,7.65,4967,5505,35,2418,2026-07-20,no,,,338,no
1668,Nîmes,Occitanie,FR,43.83665,4.35788,4957,327730,57,1022,2026-09-16,no,,,367,yes
1669,General Pacheco,Buenos Aires,AR,-34.45256,-58.64312,4949,4949,30,928,2025-12-23,no,,,351,no
1670,Cwmbran,Wales,GB,51.65446,-3.02281,4930,4991,28,589,2025-12-14,no,,,129,no
1671,Utrecht,Utrecht,NL,52.09083,5.12222,4927,7793,55,1543,2026-09-12,no,,,349,no
1672,Zwevegem,Flanders,BE,50.81268,3.33848,4925,93912,70,751,2026-08-23,no,,,39,no
1673,Neukirchen-Vluyn,North Rhine-Westphalia,DE,51.44665,6.55194,4918,6333,36,1626,2026-05-13,no,,,310,no
1674,Helmond,North Brabant,NL,51.48167,5.66111,4917,19198,43,805,2026-09-21,no,,,143,no
1675,Schlüchtern,Hesse,DE,50.34891,9.52532,4900,7661,36,3066,2026-05-06,no,,,368,yes
1676,Circoiscrizione VIII,Piedmont,IT,45.03789,7.67174,4896,5441,37,2418,2026-07-20,no,,,338,no
1677,Lauda-Königshofen,Baden-Wurttemberg,DE,49.56526,9.70816,4892,5403,33,905,2025-07-21,no,,,369,yes
1678,Orhangazi,Bursa Province,TR,40.48917,29.30889,4875,6457,21,836,2026-06-07,no,,,277,no
1679,Filadelfia,Piedmont,IT,45.0241,7.64359,4869,5372,32,2418,2026-07-20,no,,,338,no
1680,Mühlheim am Main,Hesse,DE,50.11667,8.83333,4852,36663,57,1669,2026-04-12,no,,,257,no
1681,Brigittenau,State of Vienna,AT,48.24275,16.37551,4849,25071,51,1529,2026-09-15,yes,vienna--state-of-vienna--austria,2.5,254,no
1682,Golden Valley,Minnesota,US,45.00969,-93.34912,4839,19474,44,723,2026-05-04,yes,new-hope--minnesota--united-states,4.0,265,no
1683,Abano Terme,Veneto,IT,45.35753,11.78725,4831,6141,33,1818,2026-05-13,no,,,320,no
1684,Lichterfelde,State of Berlin,DE,52.4333,13.30762,4829,51185,46,2451,2026-08-03,yes,berlin--state-of-berlin--germany,11.4,288,no
1685,Lustenau,Vorarlberg,AT,47.42642,9.65851,4829,46039,51,1234,2026-06-07,no,,,242,no
1686,Weil am Rhein,Baden-Wurttemberg,DE,47.59331,7.62082,4819,17508,53,1247,2026-09-08,no,,,370,yes
1687,Montélimar,Rhône-Alpes,FR,44.55468,4.75469,4815,21988,52,695,2026-08-05,no,,,371,yes
1688,Maintal,Hesse,DE,50.15,8.83333,4814,31354,50,1669,2026-04-12,no,,,257,no
1689,Kalmthout,Flanders,BE,51.38442,4.47556,4806,5167,40,660,2026-06-29,no,,,187,no
1690,Stadt Winterthur (Kreis 1),Zurich,CH,47.49494,8.71954,4804,9687,38,1315,2026-09-20,yes,zurich--zurich--switzerland,19.0,234,no
1691,Seen (Kreis 3),Zurich,CH,47.47646,8.76996,4804,9290,36,1315,2026-09-20,yes,zurich--zurich--switzerland,20.6,234,no
1692,Covington,Washington,US,47.35818,-122.12216,4799,4821,32,709,2026-08-08,no,,,301,no
1693,Teplice,Ústí nad Labem Region,CZ,50.6404,13.82451,4797,4860,31,1792,2026-03-08,no,,,372,yes
1694,Ferizli,Sakarya,TR,40.94082,30.48583,4796,4797,11,641,2026-05-29,no,,,87,no
1695,Zeist,Utrecht,NL,52.09,5.23333,4788,7180,43,1543,2026-09-12,no,,,349,no
1696,Saint-Brieuc,Brittany,FR,48.51513,-2.76838,4777,167262,48,544,2026-03-26,no,,,373,yes
1697,Evka-Üç,İzmir Province,TR,38.47071,27.25094,4767,4950,15,753,2026-05-28,no,,,340,no
1698,Roseville,Minnesota,US,45.00608,-93.15661,4764,50270,45,718,2026-04-16,yes,saint-paul--minnesota--united-states,8.0,265,no
1699,Karabağlar,İzmir Province,TR,38.382,27.132,4744,5219,22,1742,2026-05-28,no,,,340,no
1700,Konak,İzmir Province,TR,38.4,27.1,4744,5227,22,1742,2026-05-28,no,,,340,no
1701,Riehen,Basel-City,CH,47.57884,7.64683,4730,16509,51,1247,2026-09-08,no,,,370,no
1702,Knokke-Heist,Flanders,BE,51.35,3.26667,4710,14750,35,906,2026-08-04,no,,,353,no
1703,Nizza Millefonti,Piedmont,IT,45.02691,7.66542,4702,5179,33,2418,2026-07-20,no,,,338,no
1704,Lannion,Brittany,FR,48.73264,-3.45657,4693,55562,52,687,2026-07-14,no,,,374,yes
1705,Odense,South Denmark,DK,55.39594,10.38831,4676,9603,42,685,2026-07-02,no,,,375,yes
1706,Währing,State of Vienna,AT,48.22611,16.34484,4671,24235,50,1529,2026-09-15,yes,vienna--state-of-vienna--austria,2.7,254,no
1707,Akhisar,Manisa,TR,38.91852,27.84006,4665,4680,15,677,2026-05-28,no,,,376,yes
1708,Vaughan,Ontario,CA,43.8361,-79.49827,4663,4671,11,1200,2026-04-09,yes,toronto--ontario--canada,16.4,63,no
1709,Aspern,State of Vienna,AT,48.21806,16.48306,4663,20774,35,1529,2026-09-15,yes,vienna--state-of-vienna--austria,7.7,254,no
1710,Orpington,England,GB,51.37457,0.09785,4658,4733,39,566,2026-08-02,yes,london--england--united-kingdom,18.1,270,no
1711,Kapellen,Flanders,BE,51.31377,4.43539,4649,6389,50,882,2026-06-29,no,,,187,no
1712,Beverwijk,North Holland,NL,52.48333,4.65694,4646,4888,39,2763,2026-03-18,yes,amsterdam--north-holland--netherlands,22.0,16,no
1713,Dieppe,Normandy,FR,49.9216,1.07772,4637,30268,41,2333,2026-07-16,no,,,377,yes
1714,Velbert,North Rhine-Westphalia,DE,51.33537,7.04348,4634,24633,44,1400,2026-09-25,no,,,281,no
1715,Heusy,Wallonia,BE,50.57457,5.86618,4625,11428,56,851,2026-07-24,no,,,341,no
1716,Winterthur,Zurich,CH,47.50564,8.72413,4620,9546,35,1315,2026-09-20,yes,zurich--zurich--switzerland,20.1,234,no
1717,Gonsenheim,Rheinland-Pfalz,DE,50.0017,8.19653,4601,17475,53,2051,2026-09-29,no,,,192,no
1718,Zekeriya,Istanbul,TR,41.19806,29.03028,4594,6266,30,994,2026-06-22,yes,istanbul--marmara-region--turkey,21.8,165,no
1719,Chemnitz,Saxony,DE,50.8357,12.92922,4590,5124,36,2254,2026-06-21,no,,,378,yes
1720,San Isidro,Buenos Aires,AR,-34.46971,-58.52111,4588,4590,23,928,2026-09-19,no,,,351,no
1721,Bonney Lake,Washington,US,47.17705,-122.18651,4584,9547,30,790,2026-04-09,yes,tacoma--washington--united-states,20.5,379,yes
1722,Noordwijk-Binnen,South Holland,NL,52.234,4.44474,4578,5982,44,1558,2026-09-26,no,,,333,no
1723,Katwijk aan Zee,South Holland,NL,52.20333,4.39861,4578,5632,38,1558,2026-09-26,no,,,333,no
1724,Saint-Louis,Grand Est,FR,47.59206,7.55923,4576,18161,50,1247,2026-09-08,no,,,370,no
1725,Basel,Basel-City,CH,47.55839,7.57327,4575,17103,49,1247,2026-09-08,no,,,370,no
1726,Argentan,Normandy,FR,48.74441,-0.02023,4572,7981,32,886,2026-03-02,no,,,380,yes
1727,Schkeuditz,Saxony,DE,51.39678,12.22141,4549,6251,40,873,2025-06-21,no,,,201,no
1728,Bor,Central Serbia,RS,44.07488,22.09591,4547,4555,16,2254,2025-08-07,no,,,381,yes
1729,Karben,Hesse,DE,50.23019,8.77155,4511,17354,46,1669,2025-10-17,no,,,257,no
1730,Jakobsberg,Stockholm,SE,59.42268,17.83508,4503,4648,31,1454,2026-07-30,no,,,321,no
1731,Bad Soden am Taunus,Hesse,DE,50.1408,8.50449,4494,16799,53,1640,2026-08-16,no,,,192,no
1732,Moncalieri,Piedmont,IT,44.9994,7.68236,4488,4915,30,2418,2026-07-20,no,,,338,no
1733,Nichelino,Piedmont,IT,45.00031,7.65305,4488,4894,25,2418,2026-07-20,no,,,338,no
1734,Kamp-Lintfort,North Rhine-Westphalia,DE,51.50467,6.54587,4480,6778,40,1626,2026-05-13,no,,,310,no
1735,Traunstein,Bavaria,DE,47.86825,12.64335,4439,4617,30,1058,2025-07-27,no,,,382,yes
1736,Cecina,Tuscany,IT,43.30621,10.51729,4435,11287,27,1075,2025-12-13,no,,,383,yes
1737,Boussu,Wallonia,BE,50.43417,3.7944,4422,19303,49,951,2026-06-27,no,,,384,yes
1738,Hanworth,England,GB,51.43333,-0.38333,4421,14401,36,2079,2026-08-26,yes,london--england--united-kingdom,21.4,271,no
1739,Poperinge,Flanders,BE,50.85386,2.72659,4420,5068,49,743,2025-06-20,no,,,326,no
1740,Lörrach,Baden-Wurttemberg,DE,47.61497,7.66457,4419,16628,47,1247,2026-09-08,no,,,370,no
1741,Wolfenbüttel,Lower Saxony,DE,52.16442,10.54095,4408,12525,32,1522,2026-06-07,no,,,385,yes
1742,Knjazevac,Central Serbia,RS,43.56634,22.25701,4402,4419,12,1836,2025-08-02,no,,,386,yes
1743,Naarden,North Holland,NL,52.29583,5.1625,4398,6202,49,916,2026-04-11,yes,amsterdam--north-holland--netherlands,18.7,349,no
1744,Duisburg,North Rhine-Westphalia,DE,51.43247,6.76516,4388,7773,52,1626,2026-05-13,no,,,310,no
1745,Taylorsville,Utah,US,40.66772,-111.93883,4379,4856,12,754,2025-10-28,yes,kearns--utah--united-states,5.8,127,no
1746,Erlangen,Bavaria,DE,49.59099,11.00783,4376,4478,34,1098,2025-07-28,no,,,223,no
1747,Nova Era,Minas Gerais,BR,-19.75,-43.0375,4369,5110,19,742,2026-06-15,no,,,158,no
1748,Marche-en-Famenne,Wallonia,BE,50.22678,5.34416,4350,5973,53,557,2026-05-25,no,,,387,yes
1749,Bijelo Polje,Bijelo Polje,ME,43.03834,19.74758,4340,7680,13,556,2025-05-10,no,,,388,yes
1750,Senlis,Hauts-de-France,FR,49.20724,2.58661,4293,48512,44,2029,2026-08-02,no,,,334,no
1751,Feltham,England,GB,51.4462,-0.41388,4287,13149,37,2079,2026-08-26,yes,london--england--united-kingdom,23.1,271,no
1752,Brixton,England,GB,51.46593,-0.10652,4285,16359,55,2181,2026-09-27,yes,london--england--united-kingdom,2.9,270,no
1753,Bad Rappenau,Baden-Wurttemberg,DE,49.23848,9.1018,4283,6018,35,1260,2026-03-22,no,,,171,no
1754,Eupen,Wallonia,BE,50.6279,6.03647,4276,6816,51,709,2026-07-18,no,,,341,no
1755,Driebergen-Rijsenburg,Utrecht,NL,52.05333,5.28056,4265,5426,46,1543,2026-09-12,no,,,349,no
1756,Rock Springs,Wyoming,US,41.58746,-109.2029,4258,4259,12,624,2025-07-20,no,,,389,yes
1757,Esquel,Chubut,AR,-42.91147,-71.31947,4245,4248,19,947,2025-01-21,no,,,390,yes
1758,Ronnenberg,Lower Saxony,DE,52.31939,9.65544,4239,5206,33,1086,2026-09-02,no,,,106,no
1759,Donaustadt,State of Vienna,AT,48.2333,16.46002,4235,22737,41,1529,2026-09-15,yes,vienna--state-of-vienna--austria,6.1,254,no
1760,Soest,Utrecht,NL,52.17333,5.29167,4225,6425,53,560,2026-03-27,no,,,349,no
1761,Karacabey,Bursa Province,TR,40.21323,28.3612,4224,4232,12,634,2026-05-28,no,,,391,yes
1762,Tarbes,Occitanie,FR,43.23407,0.07139,4210,5787,40,475,2026-08-12,no,,,226,no
1763,Roanne,Rhône-Alpes,FR,46.03624,4.06802,4209,12833,34,1679,2025-12-04,no,,,392,yes
1764,Brugge,Flanders,BE,51.20892,3.22424,4205,9470,64,853,2026-05-29,no,,,353,no
1765,Bussum,North Holland,NL,52.27333,5.16111,4201,6478,51,916,2026-04-11,yes,amsterdam--north-holland--netherlands,19.7,349,no
1766,Sint-Kruis,Flanders,BE,51.21399,3.24949,4184,9274,59,853,2026-05-29,no,,,314,no
1767,Des Moines,Washington,US,47.40177,-122.32429,4182,5910,29,467,2026-08-08,yes,tacoma--washington--united-states,19.4,200,no
1768,Amersfoort,Utrecht,NL,52.155,5.3875,4181,6488,48,560,2026-03-27,no,,,349,no
1769,Hsinchu,Taiwan,TW,24.80361,120.96861,4179,22813,45,667,2026-08-14,no,,,348,no
1770,Périgueux,New Aquitaine,FR,45.18691,0.71439,4172,5208,40,723,2026-06-29,no,,,393,yes
1771,Neumarkt in der Oberpfalz,Bavaria,DE,49.28028,11.46278,4160,8098,30,891,2026-04-04,no,,,327,no
1772,Villefontaine,Rhône-Alpes,FR,45.61278,5.15058,4157,18658,59,779,2026-08-18,no,,,394,yes
1773,Sun Prairie,Wisconsin,US,43.1836,-89.21373,4130,4131,19,626,2025-11-02,yes,town-of-cottage-grove--wisconsin--united-states,12.7,86,no
1774,Požarevac,Central Serbia,RS,44.62133,21.18782,4125,24101,15,783,2025-03-20,no,,,395,yes
1775,Hautmont,Hauts-de-France,FR,50.25077,3.92143,4119,12576,52,737,2026-06-25,no,,,362,no
1776,Walcourt,Wallonia,BE,50.25401,4.43796,4114,6004,40,610,2026-06-26,no,,,396,yes
1777,Hortaleza,Madrid,ES,40.47444,-3.6411,4103,12639,50,2042,2026-04-12,yes,madrid--spain,5.3,316,no
1778,Allschwil,Basel-Landschaft,CH,47.55074,7.53599,4094,15828,43,1247,2026-09-08,no,,,370,no
1779,Leusden,Utrecht,NL,52.1325,5.43194,4073,6451,50,560,2026-03-27,no,,,349,no
1780,Calais,Hauts-de-France,FR,50.95194,1.85635,4058,12777,41,988,2025-10-25,no,,,397,yes
1781,Pankow,State of Berlin,DE,52.56926,13.40186,4053,39601,58,1848,2026-06-13,yes,berlin--state-of-berlin--germany,7.1,288,no
1782,Dartford,England,GB,51.44657,0.21423,4046,5191,45,495,2026-08-02,yes,london--england--united-kingdom,21.5,270,no
1783,Bussolengo,Veneto,IT,45.46903,10.85371,4037,4366,45,493,2025-12-20,no,,,398,yes
1784,Montargis,Centre-Val de Loire,FR,47.99696,2.73261,4035,23618,33,889,2026-07-24,no,,,399,yes
1785,SeaTac,Washington,US,47.44846,-122.29217,4031,5951,31,467,2026-08-09,yes,seattle--washington--united-states,18.1,220,no
1786,Dublin,Leinster,IE,53.33306,-6.24889,4028,10332,58,1109,2026-08-14,no,,,228,no
1787,Schramberg,Baden-Wurttemberg,DE,48.22399,8.38583,4021,4118,23,1434,2025-10-17,no,,,400,yes
1788,Herzogenaurach,Bavaria,DE,49.56798,10.88565,4015,5292,36,1098,2025-06-09,no,,,223,no
1789,Fécamp,Normandy,FR,49.75787,0.37457,4010,5297,31,1675,2026-06-21,no,,,401,yes
1790,Gobernador Gálvez,Santa Fe,AR,-33.03016,-60.64045,3996,4003,30,1179,2026-09-19,no,,,300,no
1791,Užice,Central Serbia,RS,43.85861,19.84878,3992,28870,16,600,2024-11-13,no,,,402,yes
1792,Concordia,Entre Rios,AR,-31.39195,-58.01706,3980,3996,24,693,2025-12-27,no,,,403,yes
1793,South Hill,Washington,US,47.14121,-122.27012,3976,8935,31,790,2026-04-09,yes,tacoma--washington--united-states,17.2,200,no
1794,Sioux City,Iowa,US,42.49999,-96.40031,3968,3969,4,1651,2023-10-21,no,,,404,yes
1795,Memmingen,Bavaria,DE,47.98372,10.18527,3964,7727,37,904,2026-04-04,no,,,405,yes
1796,San Mateo,California,US,37.56299,-122.32553,3945,3950,21,638,2026-07-19,yes,san-francisco--california--united-states,25.0,406,yes
1797,Vyškov,South Moravian,CZ,49.27747,16.99897,3944,3966,34,335,2026-08-05,no,,,407,yes
1798,Hochfeld,North Rhine-Westphalia,DE,51.41943,6.75462,3942,6863,52,1626,2026-05-13,no,,,310,no
1799,Soho,England,GB,51.5144,-0.13535,3938,19726,60,679,2026-09-27,yes,london--england--united-kingdom,4.3,271,no
1800,Jesús María,Cordoba,AR,-30.98153,-64.09424,3927,3927,15,799,2026-08-08,no,,,408,yes
1801,Oberwinterthur (Kreis 2),Zurich,CH,47.51692,8.76863,3924,8923,36,1315,2026-09-20,yes,zurich--zurich--switzerland,23.3,234,no
1802,East Hill-Meridian,Washington,US,47.41052,-122.17369,3913,5562,33,467,2026-08-09,yes,sammamish--washington--united-states,23.5,301,no
1803,Staaken,State of Berlin,DE,52.53661,13.15057,3908,68622,45,2451,2026-09-29,yes,berlin--state-of-berlin--germany,18.8,288,no
1804,Sachsenheim,Baden-Wurttemberg,DE,48.96,9.06472,3883,6284,42,1463,2026-05-06,no,,,409,yes
1805,City of Westminster,England,GB,51.4975,-0.1357,3869,19278,61,679,2026-09-27,yes,london--england--united-kingdom,3.4,271,no
1806,Ventimiglia,Liguria,IT,43.78956,7.60872,3868,17723,32,732,2026-01-30,no,,,213,no
1807,Pardubice,Pardubice Region,CZ,50.04075,15.77659,3865,5462,33,792,2026-06-30,no,,,410,yes
1808,Märkisches Viertel,State of Berlin,DE,52.59841,13.35766,3856,41201,54,1848,2026-06-29,yes,berlin--state-of-berlin--germany,11.1,288,no
1809,Edina,Minnesota,US,44.88969,-93.34995,3849,15561,36,723,2026-05-04,yes,minneapolis--minnesota--united-states,11.8,265,no
1810,Budva,Budva,ME,42.28721,18.83922,3839,11144,21,1064,2025-08-22,no,,,411,yes
1811,Grande-Synthe,Hauts-de-France,FR,51.0154,2.29975,3818,13144,42,1432,2026-09-10,no,,,284,no
1812,Annecy,Rhône-Alpes,FR,45.90878,6.12565,3811,24557,52,824,2026-03-31,no,,,412,yes
1813,Butarque,Madrid,ES,40.33719,-3.6763,3809,4795,35,2042,2026-04-20,yes,madrid--spain,15.8,316,no
1814,Halstenbek,Schleswig-Holstein,DE,53.63301,9.83945,3790,131070,68,671,2026-08-30,no,,,98,no
1815,Bar-le-Duc,Grand Est,FR,48.77275,5.16108,3781,8092,35,1357,2025-12-28,no,,,413,yes
1816,Årsta,Stockholm,SE,59.2978,18.0514,3779,4900,59,654,2026-07-30,no,,,321,no
1817,Rheinberg,North Rhine-Westphalia,DE,51.54649,6.59525,3764,5696,32,1626,2026-07-05,no,,,310,no
1818,Seynod,Rhône-Alpes,FR,45.88549,6.08831,3754,24329,47,824,2026-03-31,no,,,412,no
1819,Crépy-en-Valois,Hauts-de-France,FR,49.23359,2.88807,3752,4822,23,2324,2025-08-22,no,,,414,yes
1820,Cran-Gevrier,Rhône-Alpes,FR,45.9,6.1,3743,23806,47,824,2026-03-31,no,,,412,no
1821,Leidsche Rijn,Utrecht,NL,52.09497,5.04613,3735,6980,56,1543,2026-09-12,no,,,349,no
1822,De Meern,Utrecht,NL,52.08167,5.03611,3725,7089,58,1543,2026-09-12,no,,,349,no
1823,Niederschönhausen,State of Berlin,DE,52.58483,13.40272,3720,34976,56,1848,2026-08-02,yes,berlin--state-of-berlin--germany,8.8,288,no
1824,Ottakring,State of Vienna,AT,48.21667,16.3,3717,23860,41,1529,2026-09-15,yes,vienna--state-of-vienna--austria,5.9,254,no
1825,Hernals,State of Vienna,AT,48.22544,16.30871,3717,24433,45,1529,2026-09-15,yes,vienna--state-of-vienna--austria,5.3,254,no
1826,Darmstadt,Hesse,DE,49.87167,8.65027,3716,21918,50,1495,2026-05-03,no,,,415,yes
1827,Tukwila,Washington,US,47.47399,-122.26096,3709,5694,31,467,2026-08-09,yes,seattle--washington--united-states,16.1,220,no
1828,Nijkerk,Gelderland,NL,52.22,5.48611,3703,6554,49,560,2026-03-27,no,,,416,yes
1829,Stabroek,Flanders,BE,51.33189,4.37127,3686,4254,35,660,2026-06-29,no,,,187,no
1830,Issoire,Rhône-Alpes,FR,45.54422,3.24901,3675,21278,36,748,2026-09-20,no,,,417,yes
1831,Zeytinburnu,Istanbul,TR,40.99441,28.90417,3651,4687,21,1007,2026-06-21,yes,istanbul--marmara-region--turkey,6.2,165,no
1832,Hondarribia,Basque Country,ES,43.36859,-1.79622,3650,19757,30,852,2026-06-25,no,,,418,yes
1833,Negotin,Central Serbia,RS,44.22639,22.53083,3647,3686,12,2678,2026-08-12,no,,,419,yes
1834,Camden Town,England,GB,51.54057,-0.14334,3643,19557,60,679,2026-08-04,yes,london--england--united-kingdom,6.9,271,no
1835,Santa Luzia,Minas Gerais,BR,-19.76972,-43.85139,3638,11234,14,777,2026-01-19,no,,,361,no
1836,La Falda,Cordoba,AR,-31.09321,-64.48448,3635,3635,24,417,2026-05-23,no,,,302,no
1837,Kungsholmen,Stockholm,SE,59.33183,18.04118,3633,4757,63,654,2026-07-30,no,,,321,no
1838,Akyazı,Sakarya,TR,40.685,30.62222,3630,3631,5,1129,2026-05-10,no,,,420,yes
1839,Karasu,Sakarya,TR,41.10442,30.69664,3622,3642,13,758,2026-05-29,no,,,421,yes
1840,La Calera,Cordoba,AR,-31.34582,-64.33849,3621,3675,14,828,2026-08-22,no,,,259,no
1841,Sint-Gillis-Waas,Flanders,BE,51.21914,4.12374,3612,4599,43,1921,2026-04-15,no,,,422,yes
1842,Austin,Texas,US,30.26715,-97.74306,3592,3704,12,1372,2025-04-03,yes,austin--texas--united-states,4.5,423,yes
1843,University of Texas,Texas,US,30.28604,-97.73889,3592,3705,13,1372,2025-11-30,yes,austin--texas--united-states,2.6,423,no
1844,Gladbeck,North Rhine-Westphalia,DE,51.57077,6.98593,3590,5276,45,955,2026-07-22,no,,,310,no
1845,Burlingame,California,US,37.5841,-122.36608,3588,3592,21,638,2026-07-19,yes,san-francisco--california--united-states,21.7,406,no
1846,Treptow,State of Berlin,DE,52.49376,13.44469,3586,31545,60,1848,2026-06-30,yes,berlin--state-of-berlin--germany,2.0,288,no
1847,Manage,Wallonia,BE,50.50312,4.23589,3582,6276,44,280,2026-03-18,no,,,210,no
1848,Oisterwijk,North Brabant,NL,51.57917,5.18889,3578,5396,50,1284,2026-06-07,no,,,311,no
1849,Buer,North Rhine-Westphalia,DE,51.5774,7.0518,3572,6027,46,955,2026-05-03,no,,,424,yes
1850,Chalk Farm,England,GB,51.54313,-0.14987,3568,18296,57,679,2026-08-04,yes,london--england--united-kingdom,7.4,271,no
1851,Milwaukie,Oregon,US,45.44623,-122.63926,3543,7035,25,832,2025-10-26,yes,portland--oregon--united-states,10.8,355,no
1852,La Vista,Nebraska,US,41.18389,-96.03113,3533,18310,35,2388,2026-03-28,yes,omaha--nebraska--united-states,9.8,114,no
1853,Irun,Basque Country,ES,43.33904,-1.78938,3497,19498,40,852,2026-06-25,no,,,418,no
1854,Inglewood-Finn Hill,Washington,US,47.72049,-122.23167,3495,5918,31,1055,2026-09-03,yes,kirkland--washington--united-states,5.2,220,no
1855,San Martín de los Andes,Neuquen,AR,-40.15789,-71.35337,3493,3502,16,849,2025-01-18,no,,,425,yes
1856,Friedrichshain,State of Berlin,DE,52.51559,13.45482,3486,15652,59,982,2026-06-30,yes,berlin--state-of-berlin--germany,2.2,288,no
1857,Brive-la-Gaillarde,New Aquitaine,FR,45.1589,1.53326,3482,8867,46,361,2026-09-19,no,,,426,yes
1858,Muttenz,Basel-Landschaft,CH,47.52271,7.64511,3477,12663,45,1247,2026-09-08,no,,,370,no
1859,Soignies,Wallonia,BE,50.57904,4.07129,3473,10506,62,476,2026-03-07,no,,,210,no
1860,Newport,Wales,GB,51.58774,-2.99835,3465,3513,22,589,2025-08-26,no,,,129,no
1861,Annecy-le-Vieux,Rhône-Alpes,FR,45.91971,6.14393,3459,22786,54,824,2026-03-31,no,,,412,no
1862,Södermalm,Stockholm,SE,59.31278,18.07577,3449,4526,58,654,2026-07-30,no,,,321,no
1863,Lents,Oregon,US,45.47984,-122.56731,3446,6425,24,832,2026-08-29,yes,portland--oregon--united-states,9.7,355,no
1864,Gelsenkirchen,North Rhine-Westphalia,DE,51.50508,7.09654,3445,23504,61,955,2026-09-12,no,,,281,no
1865,Tempelhof,State of Berlin,DE,52.46667,13.4,3443,30772,57,1848,2026-08-03,yes,berlin--state-of-berlin--germany,4.8,288,no
1866,Neustadt an der Weinstraße,Rheinland-Pfalz,DE,49.35009,8.13886,3439,13690,56,1479,2026-08-02,no,,,427,yes
1867,Oberhausen,North Rhine-Westphalia,DE,51.47805,6.8625,3436,9211,60,555,2026-08-03,no,,,310,no
1868,Saint-Ghislain,Wallonia,BE,50.44816,3.81886,3414,18128,48,951,2026-06-27,no,,,384,no
1869,Mustafakemalpaşa,Bursa Province,TR,40.03815,28.40866,3404,3405,10,508,2026-05-28,no,,,391,no
1870,Collegno,Piedmont,IT,45.07873,7.56735,3403,4150,40,1629,2026-07-20,no,,,338,no
1871,Wealdstone,England,GB,51.59983,-0.33711,3403,7174,28,1425,2026-08-26,yes,london--england--united-kingdom,21.2,271,no
1872,Islington,England,GB,51.53622,-0.10304,3397,18413,60,480,2026-08-04,yes,london--england--united-kingdom,5.3,271,no
1873,Cahors,Occitanie,FR,44.4491,1.43663,3392,12094,46,466,2026-08-10,no,,,428,yes
1874,West Lake Sammamish,Washington,US,47.5776,-122.10123,3389,4364,23,693,2026-08-09,yes,sammamish--washington--united-states,5.2,220,no
1875,Coronel Fabriciano,Minas Gerais,BR,-19.51861,-42.62889,3379,4387,17,568,2026-07-02,no,,,429,yes
1876,London,England,GB,51.50853,-0.12574,3356,18459,59,480,2026-09-27,yes,london--england--united-kingdom,3.4,271,no
1877,Rheinhausen,North Rhine-Westphalia,DE,51.40055,6.71187,3355,6348,51,1626,2026-05-13,no,,,310,no
1878,Bad Dürkheim,Rheinland-Pfalz,DE,49.4618,8.17236,3346,7206,38,933,2025-11-23,no,,,427,no
1879,Llanquihue,Los Lagos Region,CL,-41.25603,-73.00649,3344,3358,7,820,2026-02-26,no,,,430,yes
1880,Stockholm,Stockholm,SE,59.32938,18.06871,3335,4428,60,654,2026-07-30,no,,,321,no
1881,Hanau am Main,Hesse,DE,50.13423,8.91418,3334,13767,46,1669,2026-04-12,no,,,257,no
1882,Floridsdorf,State of Vienna,AT,48.25,16.4,3318,22616,45,1529,2026-09-15,yes,vienna--state-of-vienna--austria,3.6,254,no
1883,Timóteo,Minas Gerais,BR,-19.58106,-42.64953,3317,4344,21,568,2026-07-02,no,,,429,no
1884,Feldkirch,Vorarlberg,AT,47.23645,9.59734,3312,24474,50,775,2026-05-04,no,,,242,no
1885,Fennpfuhl,State of Berlin,DE,52.52921,13.47267,3290,12352,60,982,2026-06-30,yes,berlin--state-of-berlin--germany,4.1,288,no
1886,Alt-Hohenschönhausen,State of Berlin,DE,52.54608,13.5013,3289,10260,55,982,2026-08-02,yes,berlin--state-of-berlin--germany,6.8,288,no
1887,Rambouillet,Île-de-France,FR,48.64374,1.82992,3268,7779,49,465,2026-07-01,no,,,431,yes
1888,Arheilgen,Hesse,DE,49.9128,8.65695,3257,16299,47,1495,2026-05-03,no,,,192,no
1889,Nieuw-Vennep,North Holland,NL,52.26417,4.63056,3253,35060,51,912,2026-05-02,yes,amsterdam--north-holland--netherlands,21.1,333,no
1890,Esch-sur-Alzette,Esch-sur-Alzette,LU,49.49583,5.98056,3244,9515,50,754,2026-05-25,no,,,432,yes
1891,Ruislip,England,GB,51.57344,-0.42341,3244,5840,27,1425,2026-08-26,no,,,271,no
1892,Weißensee,State of Berlin,DE,52.55632,13.46649,3242,11880,59,982,2026-08-02,yes,berlin--state-of-berlin--germany,6.2,288,no
1893,Finglas,Leinster,IE,53.38917,-6.29694,3227,8015,50,1109,2026-08-14,no,,,228,no
1894,Sint-Oedenrode,North Brabant,NL,51.5675,5.45972,3226,11741,41,597,2026-09-21,no,,,143,no
1895,Basingstoke,England,GB,51.26249,-1.08708,3219,3962,22,1597,2026-08-04,no,,,433,yes
1896,Pinner,England,GB,51.59384,-0.38216,3216,5854,29,1425,2026-08-26,yes,london--england--united-kingdom,23.4,271,no
1897,Bryn Mawr-Skyway,Washington,US,47.4943,-122.24092,3210,5248,31,343,2026-08-09,yes,seattle--washington--united-states,14.7,220,no
1898,Neu-Hohenschönhausen,State of Berlin,DE,52.56681,13.51255,3209,9352,49,982,2026-08-02,yes,berlin--state-of-berlin--germany,8.9,288,no
1899,Salzgitter,Lower Saxony,DE,52.15705,10.4154,3207,13047,22,1522,2026-05-21,no,,,385,no
1900,Östermalm,Stockholm,SE,59.33879,18.08487,3189,4237,55,654,2026-07-30,no,,,321,no
1901,Nashville,Tennessee,US,36.16589,-86.78444,3184,9818,31,359,2025-11-19,yes,nashville--tennessee--united-states,2.3,434,yes
1902,Newton Abbot,England,GB,50.52858,-3.61186,3183,3507,33,519,2026-08-09,no,,,435,yes
1903,Teófilo Otoni,Minas Gerais,BR,-17.8575,-41.50528,3173,4821,10,714,2026-08-15,no,,,436,yes
1904,Luxembourg,Luxembourg,LU,49.60982,6.13268,3165,98316,66,1017,2026-08-01,no,,,432,no
1905,Sanremo,Liguria,IT,43.81725,7.7772,3154,6746,30,341,2025-12-06,no,,,437,yes
1906,Villa de Mayo,Buenos Aires,AR,-34.5108,-58.68059,3144,3146,21,342,2025-12-23,no,,,351,no
1907,Lichtenberg,State of Berlin,DE,52.51395,13.49975,3140,9930,57,982,2026-09-18,yes,berlin--state-of-berlin--germany,5.1,288,no
1908,Bruchköbel,Hesse,DE,50.17853,8.92315,3140,13392,39,1669,2026-04-12,no,,,257,no
1909,Smederevska Palanka,Central Serbia,RS,44.36548,20.95885,3138,7668,3,1358,2025-12-23,no,,,438,yes
1910,San Blas-Canillejas,Madrid,ES,40.43893,-3.61537,3129,11969,48,1367,2026-04-20,yes,madrid--spain,8.6,316,no
1911,Kyoto,Kyoto,JP,35.02107,135.75385,3126,20580,30,627,2026-02-22,no,,,439,yes
1912,Neukölln,State of Berlin,DE,52.47719,13.43126,3109,29023,58,1848,2026-08-03,yes,berlin--state-of-berlin--germany,3.3,288,no
1913,Sydney,New South Wales,AU,-33.86785,151.20732,3104,3332,27,2383,2026-09-30,no,,,440,yes
1914,Hurstville,New South Wales,AU,-33.9677,151.10149,3104,3129,10,2383,2026-09-30,no,,,440,no
1915,Randwick,New South Wales,AU,-33.91439,151.24895,3104,3313,20,2383,2026-09-30,no,,,440,no
1916,Marrickville,New South Wales,AU,-33.90741,151.15546,3104,3304,21,2383,2026-09-30,no,,,440,no
1917,Strathfield,New South Wales,AU,-33.88096,151.07986,3104,3142,13,2383,2026-09-30,no,,,440,no
1918,Sydney Central Business District,New South Wales,AU,-33.86482,151.20773,3104,3332,27,2383,2026-09-30,no,,,440,no
1919,Campsie,New South Wales,AU,-33.9125,151.10279,3104,3156,16,2383,2026-09-30,no,,,440,no
1920,Ashfield,New South Wales,AU,-33.88834,151.12274,3104,3258,20,2383,2026-09-30,no,,,440,no
1921,Bexley,New South Wales,AU,-33.95,151.11667,3104,3135,11,2383,2026-09-30,no,,,440,no
1922,Burwood,New South Wales,AU,-33.88333,151.1,3104,3166,19,2383,2026-09-30,no,,,440,no
1923,Earlwood,New South Wales,AU,-33.9209,151.12506,3104,3146,15,2383,2026-09-30,no,,,440,no
1924,Lakemba,New South Wales,AU,-33.91972,151.07592,3104,3137,12,2383,2026-09-30,no,,,440,no
1925,Kogarah,New South Wales,AU,-33.9681,151.13564,3104,3144,14,2383,2026-09-30,no,,,440,no
1926,Mascot,New South Wales,AU,-33.92598,151.19347,3104,3312,22,2383,2026-09-30,no,,,440,no
1927,Surry Hills,New South Wales,AU,-33.88374,151.21282,3104,3326,24,2383,2026-09-30,no,,,440,no
1928,Rockdale,New South Wales,AU,-33.95,151.13333,3104,3147,14,2383,2026-09-30,no,,,440,no
1929,Kingsford,New South Wales,AU,-33.92399,151.22749,3104,3314,22,2383,2026-09-30,no,,,440,no
1930,Kensington,New South Wales,AU,-33.92019,151.22241,3104,3314,22,2383,2026-09-30,no,,,440,no
1931,Trier,Rheinland-Pfalz,DE,49.75565,6.63935,3102,12405,48,1213,2026-03-07,yes,trier--rheinland-pfalz--germany,2.6,441,yes
1932,Salto,Salto Department,UY,-31.38811,-57.95983,3100,3118,13,693,2025-12-27,no,,,403,no
1933,Silivri,Istanbul,TR,41.07393,28.24644,3100,3120,16,261,2026-06-21,no,,,442,yes
1934,Svitavy,Pardubice Region,CZ,49.75594,16.46829,3091,5167,34,355,2026-03-08,no,,,443,yes
1935,Stamford Hill,England,GB,51.56872,-0.07334,3087,15092,50,390,2026-08-04,yes,london--england--united-kingdom,8.9,271,no
1936,Romorantin-Lanthenay,Centre-Val de Loire,FR,47.36667,1.75,3081,11201,37,552,2026-05-28,no,,,444,yes
1937,Konz,Rheinland-Pfalz,DE,49.70045,6.57652,3080,13207,51,1213,2026-05-09,yes,trier--rheinland-pfalz--germany,10.1,441,no
1938,Helmstedt,Lower Saxony,DE,52.2279,11.00985,3073,3657,27,418,2026-09-12,no,,,445,yes
1939,Overland Park,Kansas,US,38.98223,-94.67079,3067,3067,3,1391,2025-06-29,yes,kansas-city--missouri--united-states,14.7,82,no
1940,Obertshausen,Hesse,DE,50.07139,8.85123,3063,16828,51,1669,2026-04-12,no,,,257,no
1941,Pimlico,England,GB,51.48897,-0.13699,3063,18327,57,679,2026-09-27,yes,london--england--united-kingdom,3.4,271,no
1942,Renton,Washington,US,47.48288,-122.21707,3061,4674,28,343,2026-08-09,yes,seattle--washington--united-states,16.7,220,no
1943,Cluj-Napoca,Cluj County,RO,46.76667,23.6,3060,3141,15,2386,2026-04-15,no,,,446,yes
1944,Marzahn,State of Berlin,DE,52.54525,13.56983,3058,6248,44,982,2026-06-24,yes,berlin--state-of-berlin--germany,10.7,288,no
1945,Millbrae,California,US,37.59855,-122.38719,3054,3058,18,638,2026-07-19,yes,san-francisco--california--united-states,19.8,406,no
1946,Döbling,State of Vienna,AT,48.25,16.33333,3046,20212,44,1529,2026-09-15,yes,vienna--state-of-vienna--austria,4.8,254,no
1947,Albignasego,Veneto,IT,45.34705,11.86781,3046,4339,30,705,2026-05-13,no,,,320,no
1948,Losser,Overijssel,NL,52.26083,7.00417,3044,4563,35,402,2026-08-12,no,,,447,yes
1949,Benthuizen,South Holland,NL,52.0775,4.54444,3044,4437,47,1252,2026-07-23,no,,,333,no
1950,Zehlendorf,State of Berlin,DE,52.43333,13.25,3036,36991,45,2451,2026-07-07,yes,berlin--state-of-berlin--germany,14.4,288,no
1951,Ingeniero Pablo Nogués,Buenos Aires,AR,-34.47775,-58.70652,3036,3038,25,342,2025-12-23,no,,,351,no
1952,Assebroek,Flanders,BE,51.19367,3.2623,3016,8254,60,704,2026-08-27,no,,,314,no
1953,Châtellerault,New Aquitaine,FR,46.81705,0.54518,3011,7068,44,462,2026-05-12,no,,,448,yes
1954,Baarn,Utrecht,NL,52.21167,5.2875,3011,4575,45,304,2026-03-27,no,,,349,no
1955,Hénin-Beaumont,Hauts-de-France,FR,50.41359,2.96485,3000,17998,50,2151,2026-06-24,no,,,198,no
1956,Mukō,Kyoto,JP,34.96545,135.70415,2999,20390,32,627,2026-02-22,no,,,439,no
1957,Colonia Caroya,Cordoba,AR,-31.02202,-64.06172,2995,2995,9,799,2026-08-08,no,,,408,no
1958,Bačka Palanka,Vojvodina,RS,45.24966,19.39664,2993,18240,23,827,2026-09-10,no,,,449,yes
1959,Rawson,Chubut,AR,-43.30031,-65.10564,2988,2991,20,402,2025-01-24,no,,,450,yes
1960,Nyon,Vaud,CH,46.38318,6.23955,2985,7303,38,1359,2026-08-03,no,,,451,yes
1961,Ober-Ramstadt,Hesse,DE,49.83078,8.74887,2966,17910,53,1495,2026-08-17,no,,,246,no
1962,Prostějov,Olomouc Region,CZ,49.47188,17.11184,2961,3012,24,683,2026-08-08,no,,,152,no
1963,Modena,Emilia-Romagna,IT,44.64783,10.92539,2958,4392,33,2788,2025-10-11,no,,,452,yes
1964,Jequitinhonha,Minas Gerais,BR,-16.43389,-41.00333,2944,4297,13,1061,2026-07-03,no,,,453,yes
1965,Walthamstow,England,GB,51.59067,-0.02077,2938,10062,48,390,2026-08-04,yes,london--england--united-kingdom,12.2,271,no
1966,Ipatinga,Minas Gerais,BR,-19.46833,-42.53667,2935,3823,12,428,2026-07-02,no,,,429,no
1967,Sint-Andries,Flanders,BE,51.19696,3.17891,2935,8520,64,704,2026-05-29,no,,,353,no
1968,Geyve,Sakarya,TR,40.5075,30.2925,2918,2918,17,699,2025-11-23,no,,,454,yes
1969,Hilversum,North Holland,NL,52.22333,5.17639,2915,4911,51,332,2026-03-27,yes,amsterdam--north-holland--netherlands,23.6,349,no
1970,Taka-Töölö,Uusimaa,FI,60.18434,24.91948,2912,13151,49,632,2026-07-14,no,,,157,no
1971,South San Francisco,California,US,37.65466,-122.40775,2907,2916,22,638,2026-07-19,yes,san-francisco--california--united-states,13.4,406,no
1972,Güngören Merter,Istanbul,TR,41.00711,28.88795,2907,3896,22,939,2026-06-21,yes,istanbul--marmara-region--turkey,7.4,165,no
1973,Sanzhi,Taipei,TW,25.25782,121.50182,2901,2909,18,1050,2026-06-01,yes,taipei--taiwan,20.1,455,yes
1974,Rodez,Occitanie,FR,44.35258,2.57338,2895,20694,52,1226,2026-09-12,no,,,456,yes
1975,Queenstown,England,GB,51.47807,-0.14716,2892,18206,60,679,2026-09-27,yes,london--england--united-kingdom,4.3,271,no
1976,Stekene,Flanders,BE,51.2099,4.03651,2890,3195,38,1921,2026-04-12,no,,,422,no
1977,Vitré,Brittany,FR,48.12279,-1.20983,2884,25459,51,519,2025-08-04,no,,,457,yes
1978,Noe Valley,California,US,37.75018,-122.43369,2880,3222,26,998,2026-08-29,yes,san-francisco--california--united-states,3.0,458,yes
1979,Oldenzaal,Overijssel,NL,52.31333,6.92917,2878,5313,35,402,2026-08-12,no,,,447,no
1980,Villa Carlos Paz,Cordoba,AR,-31.4183,-64.49008,2874,2874,29,337,2026-05-03,no,,,459,yes
1981,Guéret,New Aquitaine,FR,46.17185,1.87166,2874,20201,39,1269,2026-08-29,no,,,460,yes
1982,Tottenham Hale,England,GB,51.59366,-0.05962,2874,11443,45,390,2026-08-04,yes,london--england--united-kingdom,11.8,271,no
1983,Chilecito,La Rioja,AR,-29.16163,-67.49934,2865,2865,23,544,2026-03-29,no,,,461,yes
1984,Vancouver,Washington,US,45.63873,-122.66149,2852,4584,27,448,2026-09-08,yes,vancouver--washington--united-states,1.3,355,no
1985,Perpignan,Occitanie,FR,42.69764,2.89541,2852,78340,62,506,2026-07-15,no,,,462,yes
1986,Mission District,California,US,37.75993,-122.41914,2849,3202,26,998,2026-08-29,yes,san-francisco--california--united-states,1.7,458,no
1987,Hillegom,South Holland,NL,52.29083,4.58333,2847,31964,48,912,2026-05-02,yes,amsterdam--north-holland--netherlands,22.9,333,no
1988,Parkside,California,US,37.74197,-122.4863,2847,3183,22,998,2026-08-29,yes,san-francisco--california--united-states,6.9,458,no
1989,Hayes,England,GB,51.37786,0.01682,2838,3205,33,566,2026-09-27,yes,london--england--united-kingdom,14.4,270,no
1990,Governador Valadares,Minas Gerais,BR,-18.85111,-41.94944,2829,3251,20,788,2026-08-16,no,,,463,yes
1991,Bergerac,New Aquitaine,FR,44.85157,0.48171,2823,6994,37,416,2026-08-02,no,,,464,yes
1992,Visitacion Valley,California,US,37.71715,-122.40433,2822,3076,22,998,2026-08-29,yes,san-francisco--california--united-states,6.6,406,no
1993,Kamigyō-ku,Kyoto,JP,35.02954,135.75666,2815,18907,30,627,2026-02-22,no,,,439,no
1994,Merter Keresteciler,Istanbul,TR,41.01295,28.88593,2815,3860,22,939,2026-06-21,yes,istanbul--marmara-region--turkey,7.6,165,no
1995,Esenler,Istanbul,TR,41.0435,28.87619,2813,3926,24,939,2026-06-21,yes,istanbul--marmara-region--turkey,9.3,165,no
1996,Diamantina,Minas Gerais,BR,-18.24692,-43.60345,2800,2801,8,1551,2026-05-30,no,,,465,yes
1997,Golders Green,England,GB,51.57631,-0.20033,2788,12559,46,679,2026-08-04,yes,london--england--united-kingdom,12.4,271,no
1998,Leawood,Kansas,US,38.96667,-94.6169,2787,2787,4,1391,2025-06-29,yes,kansas-city--missouri--united-states,14.4,82,no
1999,Viadana,Lombardy,IT,44.93553,10.51898,2784,5546,29,1607,2026-06-11,no,,,466,yes
2000,Pont-à-Celles,Wallonia,BE,50.50518,4.36887,2781,5441,47,254,2026-03-18,no,,,210,no
2001,Rathfarnham,Leinster,IE,53.30056,-6.28278,2776,7534,46,1109,2026-05-13,no,,,228,no
2002,Hazel Dell,Washington,US,45.67151,-122.66288,2775,4180,27,448,2026-09-08,yes,vancouver--washington--united-states,4.6,355,no
2003,Maştağa,Baki,AZ,40.52983,50.00616,2774,2774,6,1738,2025-10-31,no,,,467,yes
2004,San Francisco,California,US,37.77493,-122.41942,2768,3121,24,998,2026-08-29,yes,san-francisco--california--united-states,0.0,458,no
2005,Dinslaken,North Rhine-Westphalia,DE,51.56227,6.7434,2755,5003,45,1263,2026-07-05,no,,,310,no
2006,Hengelo,Overijssel,NL,52.26583,6.79306,2748,4998,37,346,2026-08-30,no,,,447,no
2007,Schwabach,Bavaria,DE,49.33047,11.02346,2747,7129,37,855,2026-08-08,no,,,223,no
2008,Seven Sisters,England,GB,51.57769,-0.07895,2736,14688,49,390,2026-08-04,yes,london--england--united-kingdom,9.8,271,no
2009,Bahçelievler,Istanbul,TR,41.00231,28.8598,2729,3053,20,939,2026-06-21,yes,istanbul--marmara-region--turkey,9.8,165,no
2010,Kortrijk,Flanders,BE,50.82803,3.26487,2725,85445,65,1027,2026-09-14,no,,,39,no
2011,Mol,Flanders,BE,51.19188,5.11662,2719,3108,55,290,2026-07-30,no,,,140,no
2012,Kavaklı,Istanbul,TR,41.09258,28.33172,2714,2734,19,259,2026-06-21,no,,,442,no
2013,Crystal,Minnesota,US,45.03274,-93.36023,2709,11612,41,723,2026-05-03,yes,new-hope--minnesota--united-states,2.0,265,no
2014,Zutphen,Gelderland,NL,52.13833,6.20139,2704,10484,47,367,2026-03-09,no,,,468,yes
2015,Šumperk,Olomouc Region,CZ,49.96528,16.97061,2702,2742,24,622,2025-12-15,no,,,469,yes
2016,Los Polvorines,Buenos Aires,AR,-34.50316,-58.70596,2699,2701,21,342,2025-12-23,no,,,351,no
2017,Pontypool,Wales,GB,51.70111,-3.04444,2698,2762,28,521,2025-12-14,no,,,129,no
2018,Luján,Buenos Aires,AR,-34.5664,-59.11478,2696,2918,23,1265,2026-06-26,no,,,470,yes
2019,Villa Gesell,Buenos Aires,AR,-37.26394,-56.97304,2691,2756,18,951,2025-01-29,no,,,471,yes
2020,Kelkheim,Hesse,DE,50.13703,8.4502,2690,10392,51,1640,2026-08-16,no,,,192,no
2021,Woodford Green,England,GB,51.60938,0.02329,2687,6427,44,228,2026-03-20,yes,london--england--united-kingdom,15.4,271,no
2022,Reinach,Basel-Landschaft,CH,47.49702,7.59172,2685,8376,34,1247,2026-09-08,no,,,370,no
2023,Mendoza,Mendoza,AR,-32.88946,-68.84582,2683,2688,24,370,2025-01-08,no,,,472,yes
2024,Schwelm,North Rhine-Westphalia,DE,51.28635,7.29388,2682,13675,54,732,2026-09-22,no,,,281,no
2025,Chinatown,California,US,37.7966,-122.40858,2681,3038,22,998,2026-08-29,yes,san-francisco--california--united-states,2.6,458,no
2026,Holloway,England,GB,51.55237,-0.12497,2681,17646,55,408,2026-08-04,yes,london--england--united-kingdom,7.5,271,no
2027,Karamürsel,Kocaeli,TR,40.69129,29.61649,2679,3533,12,798,2026-08-02,no,,,168,no
2028,San Bruno,California,US,37.63049,-122.41108,2676,2686,20,638,2026-07-19,yes,san-francisco--california--united-states,16.1,406,no
2029,Reims,Grand Est,FR,49.26526,4.02853,2675,4882,51,181,2026-09-29,no,,,473,yes
2030,Meyrin,Geneva,CH,46.23424,6.08025,2658,60364,60,1933,2026-09-20,no,,,139,no
2031,Dorking,England,GB,51.23228,-0.3338,2655,3334,36,319,2025-07-16,no,,,474,yes
2032,Bayview-Hunters Point,California,US,37.72855,-122.38107,2654,2908,20,998,2026-08-29,yes,san-francisco--california--united-states,6.2,406,no
2033,Alta Gracia,Cordoba,AR,-31.64978,-64.42972,2646,2655,25,599,2026-05-03,no,,,475,yes
2034,Deinze,Flanders,BE,50.98175,3.53096,2646,18178,59,846,2026-03-29,no,,,314,no
2035,Sabará,Minas Gerais,BR,-19.88639,-43.80667,2641,9764,10,677,2026-01-19,no,,,361,no
2036,Xizhou,Taiwan,TW,24.27667,120.68917,2640,15586,41,246,2026-08-23,no,,,476,yes
2037,Five Corners,Washington,US,45.68456,-122.5751,2633,3378,33,380,2026-09-08,yes,vancouver--washington--united-states,9.8,355,no
2038,Marchienne-au-Pont,Wallonia,BE,50.40573,4.3953,2605,7743,47,1124,2026-06-25,no,,,363,no
2039,Warminster,England,GB,51.20434,-2.17873,2604,3012,17,1842,2026-08-04,yes,bath--england--united-kingdom,23.5,477,yes
2040,Asheville,North Carolina,US,35.60095,-82.55402,2602,8589,28,455,2025-11-16,no,,,478,yes
2041,Bressuire,New Aquitaine,FR,46.84158,-0.49042,2598,28455,30,398,2026-08-29,no,,,479,yes
2042,Bergedorf,Hamburg,DE,53.48462,10.22904,2592,50952,63,874,2026-08-09,no,,,98,no
2043,Frome,England,GB,51.22834,-2.32211,2592,2826,18,1842,2026-04-09,yes,bath--england--united-kingdom,17.2,477,no
2044,Brummen,Gelderland,NL,52.09,6.15556,2585,8103,44,367,2025-09-23,no,,,468,no
2045,Wattenscheid,North Rhine-Westphalia,DE,51.48057,7.14251,2577,26200,57,955,2026-09-12,no,,,281,no
2046,Langen,Hesse,DE,49.98955,8.66852,2572,10556,44,831,2026-03-01,no,,,192,no
2047,Salmon Creek,Washington,US,45.71067,-122.64899,2572,3498,29,380,2026-09-08,yes,vancouver--washington--united-states,9.1,480,yes
2048,Borne,Overijssel,NL,52.30136,6.7482,2571,4919,32,346,2026-08-30,no,,,447,no
2049,Changhua,Taiwan,TW,24.0692,120.5512,2570,15366,42,437,2026-08-23,no,,,481,yes
2050,Leganés,Madrid,ES,40.32718,-3.7635,2566,3054,38,1494,2026-04-29,yes,madrid--spain,17.5,316,no
2051,Prenzlau,Brandenburg,DE,53.31702,13.86397,2543,2754,20,981,2026-04-12,no,,,482,yes
2052,Lawrence,Kansas,US,38.97167,-95.23525,2542,5554,26,392,2026-02-07,yes,lawrence--kansas--united-states,0.1,483,yes
2053,Caratinga,Minas Gerais,BR,-19.78972,-42.13917,2541,2541,15,714,2026-08-17,no,,,484,yes
2054,Sittard,Limburg,NL,50.99833,5.86944,2539,19601,54,436,2026-06-18,no,,,216,no
2055,Solec Kujawski,Kujawsko-Pomorskie,PL,53.08371,18.22572,2533,2559,15,657,2026-09-15,no,,,175,no
2056,Dietzenbach,Hesse,DE,50.00976,8.77783,2523,10167,39,831,2026-04-12,no,,,257,no
2057,Fougères,Brittany,FR,48.35157,-1.19961,2521,16774,42,400,2026-08-07,no,,,485,yes
2058,Highbury,England,GB,51.55,-0.1,2520,17852,56,390,2026-08-04,yes,london--england--united-kingdom,6.8,271,no
2059,Lee's Summit,Missouri,US,38.91084,-94.38217,2519,16704,12,1307,2025-07-14,yes,lake-winnebago--missouri--united-states,10.0,110,no
2060,Magong,Taiwan,TW,23.5654,119.58627,2510,2510,35,205,2024-06-13,no,,,486,yes
2061,Bloomington,Minnesota,US,44.8408,-93.29828,2507,9000,28,426,2026-03-29,yes,minneapolis--minnesota--united-states,15.4,265,no
2062,Tilburg,North Brabant,NL,51.55551,5.0913,2502,4573,46,863,2026-06-07,no,,,311,no
2063,Guaratinga,Bahia,BR,-16.58197,-39.78117,2494,2494,11,571,2026-02-04,no,,,487,yes
2064,Harringay,England,GB,51.5824,-0.09956,2492,13698,46,390,2026-08-04,yes,london--england--united-kingdom,10.4,271,no
2065,Sandyford,Leinster,IE,53.2747,-6.2253,2491,7350,40,1109,2026-05-13,no,,,228,no
2066,Westbury,England,GB,51.26,-2.1875,2490,3362,25,1842,2026-04-08,yes,bath--england--united-kingdom,18.2,477,no
2067,Chang-hua,Taiwan,TW,24.07327,120.56276,2474,15721,41,437,2026-08-23,no,,,481,no
2068,Pontedera,Tuscany,IT,43.66141,10.63067,2474,4682,30,778,2025-11-08,no,,,336,no
2069,West Jordan,Utah,US,40.60967,-111.9391,2466,2470,6,706,2025-08-31,yes,kearns--utah--united-states,7.3,127,no
2070,Tottenham,England,GB,51.60373,-0.06794,2465,10256,40,228,2026-08-04,yes,london--england--united-kingdom,12.8,271,no
2071,Lankwitz,State of Berlin,DE,52.43623,13.3459,2460,31169,52,1848,2026-08-03,yes,berlin--state-of-berlin--germany,9.5,288,no
2072,Haldensleben I,Saxony-Anhalt,DE,52.28906,11.40982,2458,2482,19,276,2026-03-22,no,,,488,yes
2073,Caterham,England,GB,51.2823,-0.07889,2455,3413,36,319,2025-02-27,yes,london--england--united-kingdom,23.0,474,no
2074,Battersea,England,GB,51.47475,-0.15547,2450,17759,59,679,2026-09-27,yes,london--england--united-kingdom,4.9,271,no
2075,Asker,Akershus,NO,59.83333,10.43721,2444,5801,36,435,2026-08-24,no,,,179,no
2076,Malahide,Leinster,IE,53.45083,-6.15444,2435,2890,34,441,2026-04-25,no,,,489,yes
2077,Charlottesville,Virginia,US,38.02931,-78.47668,2430,7859,21,592,2025-11-13,no,,,490,yes
2078,West Saint Paul,Minnesota,US,44.91608,-93.10161,2429,44452,46,413,2026-04-16,yes,saint-paul--minnesota--united-states,3.8,265,no
2079,General Juan Madariaga,Buenos Aires,AR,-37.00196,-57.13584,2428,2428,23,270,2025-01-29,no,,,491,yes
2080,Templeogue,Leinster,IE,53.29528,-6.30889,2412,6637,44,1109,2026-05-13,no,,,228,no
2081,La Louvière,Wallonia,BE,50.48657,4.18785,2411,6003,44,247,2026-03-31,no,,,210,no
2082,Oostkamp,Flanders,BE,51.15432,3.23128,2411,7307,63,194,2026-08-27,no,,,314,no
2083,Becontree,England,GB,51.5529,0.129,2407,3310,43,376,2026-07-06,yes,london--england--united-kingdom,16.6,270,no
2084,Lake Oswego,Oregon,US,45.42067,-122.67065,2407,4968,27,279,2025-08-08,yes,portland--oregon--united-states,13.6,355,no
2085,Contagem,Minas Gerais,BR,-19.93167,-44.05361,2404,4782,14,562,2026-02-09,no,,,361,no
2086,Mülheim,North Rhine-Westphalia,DE,51.43218,6.87967,2398,14788,60,371,2026-08-03,no,,,310,no
2087,Swanscombe,England,GB,51.44713,0.31028,2395,3487,40,441,2026-08-02,no,,,270,no
2088,Shoreline,Washington,US,47.75565,-122.34152,2391,8853,29,380,2026-08-04,yes,kirkland--washington--united-states,13.4,220,no
2089,Wuppertal,North Rhine-Westphalia,DE,51.25627,7.14816,2388,6523,48,732,2026-09-25,no,,,281,no
2090,Saint Paul,Minnesota,US,44.94441,-93.09327,2388,47160,49,413,2026-04-16,yes,saint-paul--minnesota--united-states,0.6,265,no
2091,Maroubra,New South Wales,AU,-33.95,151.23333,2383,2483,16,2383,2026-09-30,no,,,440,no
2092,Coogee,New South Wales,AU,-33.9205,151.25522,2383,2585,19,2383,2026-09-30,no,,,440,no
2093,Burien,Washington,US,47.47038,-122.34679,2370,3713,18,467,2026-08-07,yes,seattle--washington--united-states,15.3,220,no
2094,Latchmere,England,GB,51.46842,-0.16882,2363,16438,57,679,2026-09-27,yes,london--england--united-kingdom,6.0,271,no
2095,Maple Valley,Washington,US,47.39272,-122.04641,2359,2359,12,709,2026-05-24,yes,snoqualmie--washington--united-states,22.4,301,no
2096,Barneveld,Gelderland,NL,52.14,5.58472,2354,4565,42,307,2026-03-27,no,,,416,no
2097,Earlsfield,England,GB,51.4439,-0.1854,2349,12461,47,679,2026-09-27,yes,london--england--united-kingdom,8.4,271,no
2098,Araçuaí,Minas Gerais,BR,-16.84972,-42.07028,2347,2718,12,1400,2026-05-31,no,,,492,yes
2099,Cremona,Lombardy,IT,45.13325,10.02129,2343,4629,24,2323,2025-11-12,no,,,493,yes
2100,Taichung,Taiwan,TW,24.1469,120.6839,2337,41316,50,437,2026-08-23,no,,,476,no
2101,Ellwangen,Baden-Wurttemberg,DE,48.96164,10.13173,2330,4538,34,996,2026-04-03,no,,,303,no
2102,Lacey,Washington,US,47.03426,-122.82319,2316,2317,14,389,2026-09-08,yes,olympia--washington--united-states,5.6,494,yes
2103,Asti,Piedmont,IT,44.90162,8.20751,2314,3557,18,2314,2026-08-21,no,,,495,yes
2104,Braunschweig,Lower Saxony,DE,52.26594,10.52673,2311,33107,40,1181,2026-06-07,no,,,385,no
2105,Gouda,South Holland,NL,52.01667,4.70833,2308,3327,33,711,2026-04-26,no,,,333,no
2106,Belmont,California,US,37.52021,-122.2758,2306,2309,22,263,2026-07-19,no,,,406,no
2107,Hartley,England,GB,51.38673,0.30367,2304,2836,35,441,2026-08-02,no,,,270,no
2108,Tortuguitas,Buenos Aires,AR,-34.47513,-58.75367,2301,2301,23,342,2025-12-23,no,,,351,no
2109,Paracatu,Minas Gerais,BR,-17.22222,-46.87472,2295,5632,11,998,2026-09-23,no,,,496,yes
2110,Essen,North Rhine-Westphalia,DE,51.45657,7.01228,2282,40462,61,955,2026-09-12,no,,,281,no
2111,Mons,Wallonia,BE,50.45413,3.95229,2275,15118,53,251,2026-06-15,no,,,362,no
2112,Chingford,England,GB,51.63033,0.00051,2275,5479,38,228,2026-01-22,yes,london--england--united-kingdom,16.8,271,no
2113,Tepecik,Istanbul,TR,41.02931,28.54978,2268,2284,17,297,2026-06-21,no,,,497,yes
2114,Foster City,California,US,37.55855,-122.27108,2263,2267,18,263,2026-07-19,no,,,406,no
2115,Everett,Washington,US,47.97898,-122.20208,2261,4753,21,271,2025-08-01,yes,everett--washington--united-states,3.5,498,yes
2116,Edmonton,England,GB,51.62561,-0.05798,2254,7949,35,228,2026-08-04,yes,london--england--united-kingdom,15.3,271,no
2117,Perchtoldsdorf,Lower Austria,AT,48.11935,16.26607,2254,9716,31,671,2026-04-29,yes,vienna--state-of-vienna--austria,14.0,254,no
2118,Lidingö,Stockholm,SE,59.36667,18.13333,2247,3178,50,654,2026-07-30,no,,,321,no
2119,Reigate,England,GB,51.23736,-0.20582,2241,3679,42,319,2025-07-16,no,,,474,no
2120,Arras,Hauts-de-France,FR,50.29301,2.78186,2237,11169,49,1012,2026-08-02,no,,,198,no
2121,Aranđelovac,Central Serbia,RS,44.30694,20.56,2236,2793,7,1770,2025-11-08,no,,,499,yes
2122,Nevers,Bourgogne,FR,46.98956,3.159,2234,6067,47,425,2026-08-29,no,,,500,yes
2123,Kōtari,Kyoto,JP,34.92097,135.70547,2231,16459,35,388,2026-02-22,no,,,439,no
2124,Friedrichsfelde,State of Berlin,DE,52.50575,13.50812,2223,7818,56,982,2026-09-18,yes,berlin--state-of-berlin--germany,5.6,288,no
2125,Rummelsburg,State of Berlin,DE,52.50146,13.4934,2223,8036,58,982,2026-09-18,yes,berlin--state-of-berlin--germany,4.7,288,no
2126,Budai,Taiwan,TW,23.37795,120.16154,2208,2240,24,238,2026-07-04,no,,,501,yes
2127,Bergeijk,North Brabant,NL,51.31917,5.35833,2205,5741,45,273,2026-08-07,no,,,143,no
2128,IJsselstein,Utrecht,NL,52.02,5.04306,2194,5367,60,560,2026-09-11,no,,,349,no
2129,Alphen aan den Rijn,South Holland,NL,52.12917,4.65546,2190,2746,39,1252,2026-06-13,no,,,333,no
2130,New Brighton,Minnesota,US,45.06552,-93.20189,2187,12626,33,354,2026-04-09,yes,lexington--minnesota--united-states,8.5,265,no
2131,Friedrichsdorf,Hesse,DE,50.24962,8.64281,2175,14711,56,414,2025-09-30,no,,,257,no
2132,West Valley City,Utah,US,40.69161,-112.00105,2171,2202,7,754,2025-09-01,yes,west-valley-city--utah--united-states,1.5,127,no
2133,Nunspeet,Gelderland,NL,52.37917,5.78611,2160,2510,32,398,2025-10-13,no,,,318,no
2134,Penzing,State of Vienna,AT,48.2,16.26667,2159,19684,34,943,2026-07-11,yes,vienna--state-of-vienna--austria,8.7,254,no
2135,Redhill,England,GB,51.24048,-0.17044,2151,3598,39,319,2025-02-27,no,,,474,no
2136,Longfield,England,GB,51.3969,0.30212,2141,2812,33,441,2026-08-02,no,,,270,no
2137,Adliswil,Zurich,CH,47.30997,8.52462,2135,129207,60,709,2026-08-10,yes,zurich--zurich--switzerland,7.3,234,no
2138,Ballenger Creek,Maryland,US,39.3726,-77.43526,2132,7937,26,323,2025-11-10,yes,frederick--maryland--united-states,7.8,502,yes
2139,Perdriel,Mendoza,AR,-33.0749,-68.8884,2131,2131,19,340,2025-01-10,no,,,503,yes
2140,Tumwater,Washington,US,47.00732,-122.90931,2130,2131,12,389,2026-09-08,yes,tumwater--washington--united-states,2.6,494,no
2141,Krimpen aan den IJssel,South Holland,NL,51.91667,4.60278,2128,4449,47,711,2026-06-14,no,,,504,yes
2142,Itambacuri,Minas Gerais,BR,-18.03111,-41.685,2116,2920,11,472,2026-08-15,no,,,505,yes
2143,Waterford,Munster,IE,52.25833,-7.11194,2114,3215,23,639,2025-12-22,no,,,506,yes
2144,Villafranca di Verona,Veneto,IT,45.35405,10.84462,2105,2213,24,446,2025-08-31,no,,,398,no
2145,Fredrikstad,Østfold,NO,59.2181,10.9298,2104,2255,32,221,2026-07-19,no,,,507,yes
2146,Huddinge,Stockholm,SE,59.23705,17.98192,2095,2765,49,118,2026-07-26,no,,,321,no
2147,Capelle aan den IJssel,South Holland,NL,51.92917,4.57778,2088,4610,54,711,2026-07-11,no,,,504,no
2148,Kearns,Utah,US,40.65995,-111.99633,2085,2093,5,706,2025-08-31,yes,kearns--utah--united-states,1.1,127,no
2149,Marysville,Washington,US,48.05176,-122.17708,2083,5630,19,271,2025-08-01,yes,everett--washington--united-states,10.3,498,no
2150,Břeclav,South Moravian,CZ,48.75897,16.88203,2083,2217,33,171,2026-06-07,no,,,508,yes
2151,Le Puy-en-Velay,Rhône-Alpes,FR,45.04366,3.88523,2082,127587,55,299,2026-09-11,no,,,509,yes
2152,Vianen,Utrecht,NL,51.9925,5.09167,2082,4947,49,453,2026-09-11,no,,,349,no
2153,Balıkesir,Balıkesir,TR,39.64917,27.88611,2080,2095,9,703,2026-05-28,no,,,510,yes
2154,Itaobim,Minas Gerais,BR,-16.56167,-41.50333,2078,2078,12,660,2026-08-15,no,,,511,yes
2155,Neugraben-Fischbek,Hamburg,DE,53.46579,9.84344,2074,88681,64,361,2026-09-25,no,,,276,no
2156,Büyükçekmece,Istanbul,TR,41.02072,28.58502,2073,2089,16,297,2026-06-21,no,,,497,no
2157,Herten,North Rhine-Westphalia,DE,51.59638,7.14387,2072,3883,49,242,2026-03-18,no,,,424,no
2158,Ehingen,Baden-Wurttemberg,DE,48.28259,9.72749,2071,2218,24,290,2026-09-06,no,,,512,yes
2159,Esenyurt,Istanbul,TR,41.02697,28.67732,2070,2095,19,278,2026-06-21,no,,,497,no
2160,Yakuplu,Istanbul,TR,40.98894,28.67582,2070,2093,18,278,2026-06-21,no,,,497,no
2161,Rissen,Hamburg,DE,53.58306,9.75708,2069,112028,69,671,2026-09-25,no,,,276,no
2162,Romano di Lombardia,Lombardy,IT,45.52081,9.7544,2067,6376,38,1528,2026-07-11,no,,,513,yes
2163,Fuencarral,Madrid,ES,40.5,-3.68333,2061,7805,36,1367,2026-04-12,yes,madrid--spain,3.0,316,no
2164,Valdefuentes,Madrid,ES,40.49367,-3.6359,2061,9803,48,1367,2026-04-12,yes,madrid--spain,6.0,316,no
2165,Valverde,Madrid,ES,40.50024,-3.67877,2061,8339,37,1367,2026-04-12,yes,madrid--spain,3.3,316,no
2166,Canillejas,Madrid,ES,40.44838,-3.60849,2061,10964,49,1367,2026-04-12,yes,madrid--spain,8.7,316,no
2167,Čačak,Central Serbia,RS,43.89139,20.34972,2051,30573,23,308,2025-11-11,no,,,514,yes
2168,Barry,Wales,GB,51.39979,-3.2838,2048,2613,24,573,2026-01-19,no,,,222,no
2169,Trelew,Chubut,AR,-43.24895,-65.30505,2044,2046,28,186,2025-01-24,no,,,450,no
2170,Limay,Île-de-France,FR,48.99553,1.74081,2042,13879,55,916,2026-04-25,no,,,515,yes
2171,Apeldoorn,Gelderland,NL,52.21,5.96944,2032,4289,48,182,2026-03-27,no,,,318,no
2172,Kenmore,Washington,US,47.75732,-122.24401,2032,7226,35,380,2026-09-03,yes,kirkland--washington--united-states,9.4,220,no
2173,Frederick,Maryland,US,39.41427,-77.41054,2028,7657,27,323,2025-11-10,yes,frederick--maryland--united-states,2.9,502,no
2174,Senden,North Rhine-Westphalia,DE,51.85645,7.48327,2023,2075,28,284,2025-04-18,no,,,516,yes
2175,Arashiyama,Kyoto,JP,35.01481,135.67755,2021,13439,14,627,2026-02-22,no,,,439,no
2176,Gürpınar,Istanbul,TR,40.99256,28.61428,2015,2031,16,297,2026-06-21,no,,,497,no
2177,Mimarsinan,Istanbul,TR,41.01488,28.56085,2008,2022,15,297,2026-06-21,no,,,497,no
2178,Weiterstadt,Hesse,DE,49.9039,8.58874,2008,16746,48,1495,2026-05-03,no,,,192,no
2179,Hradec Králové,Hradec Králové Region,CZ,50.20923,15.83277,2001,4430,26,611,2026-03-08,no,,,410,no
2180,Eersel,North Brabant,NL,51.3575,5.31806,2001,3863,35,346,2026-08-07,no,,,143,no
